0,0,0,0,0
0,0,0,0,0
0,0,0,0,0
0,0,0,0,0
0,0,0,0,0
0,0,0,0,0
0,0,0,0,0
0,0,0,0,0
0,0,0,0,0
0,0,0,0,0
2011.0,11.0,0.24975,0.61862047633776684,-50.460043196544284
2011.0,11.0,0.57179999999999997,0.62344139650872832,-40.438444924406056
2011.0,11.0,0.87985000000000002,0.67727734507280712,-50.460043196544284
2011.0,11.0,1.1332,0.94607379375591383,-71.561555075593944
2011.0,11.0,1.33585,1.0314595152140269,-49.401727861771064
2011.0,11.0,1.5731999999999999,0.71225071225071246,-71.561555075593944
2011.0,11.0,1.8372000000000002,0.80906148867313887,-71.561555075593944
2011.0,11.0,2.0723500000000001,0.8964589870013453,-30.416846652267825
2011.0,11.0,2.4698500000000001,0.34971148802238167,1.742980561555076
2011.0,11.0,2.9072,0.66050198150594364,18.611231101511883
2011.0,11.0,6.5652499999999998,0.028517245804400217,0.0
0,0,0,0,0
0,0,0,0,0
0,0,0,0,0
0,0,0,0,0
0,0,0,0,0
0,0,0,0,0
0,0,0,0,0
0,0,0,0,0
0,0,0,0,0
0,0,0,0,0
0,0,0,0,0
0,0,0,0,0
0,0,0,0,0
0,0,0,0,0
0,0,0,0,0
0,0,0,0,0
0,0,0,0,0
0,0,0,0,0
0,0,0,0,0
0,0,0,0,0
0,0,0,0,0
0,0,0,0,0
0,0,0,0,0
0,0,0,0,0
0,0,0,0,0
0,0,0,0,0
0,0,0,0,0
0,0,0,0,0
0,0,0,0,0
2011.0,41.0,6.6533499999999997,0.21466137168616503,18.092872570194384
2011.0,41.0,8.0072500000000009,0.11260627216935981,10.706263498920087
2011.0,41.0,9.2492000000000001,0.28256569652444241,-10.913606911447086
2011.0,41.0,9.8176500000000004,0.46609182008855743,-8.2786177105831555
2011.0,41.0,10.258900000000001,0.44111160123511228,-2.4686825053995682
2011.0,41.0,10.9046,0.23866348448687325,1.742980561555076
2011.0,41.0,11.5357,0.47147571900047258,-16.723542116630671
2011.0,41.0,11.922650000000001,0.57191878753216985,-0.89200863930885532
2011.0,41.0,12.25905,0.6190034045187246,-13.030237580993521
2011.0,41.0,12.561399999999999,0.71022727272727482,-4.0669546436285096
2011.0,41.0,12.784549999999999,1.2143290831815434,-48.883369330453569
2011.0,41.0,12.992599999999999,0.79554494828957745,-35.68682505399569
2011.0,41.0,13.18695,1.4566642388929378,7.0129589632829381
2011.0,41.0,13.52655,0.36907178446207783,13.34125269978402
2011.0,41.0,14.0154,0.45892611289582336,22.822894168466526
2011.0,41.0,14.707750000000001,0.21077036568658447,4.3779697624190073
2011.0,41.0,15.26525,1.2040939193257065,9.1295896328293757
2011.0,41.0,15.3901,2.3923444976076396,-187.82505399568038
2011.0,41.0,15.490550000000001,1.7050298380221629,-151.17278617710582
2011.0,41.0,15.611000000000001,1.6181229773462822,-151.71274298056156
2011.0,41.0,15.7378,1.5384615384615503,-40.438444924406056
2011.0,41.0,15.905449999999998,0.97418412079883399,2.2613390928725705
2011.0,41.0,16.145600000000002,0.72727272727272163,31.807775377969762
2011.0,41.0,16.466000000000001,0.54674685620557661,0.0
0,0,0,0,0
0,0,0,0,0
0,0,0,0,0
0,0,0,0,0
0,0,0,0,0
0,0,0,0,0
0,0,0,0,0
0,0,0,0,0
0,0,0,0,0
0,0,0,0,0
0,0,0,0,0
0,0,0,0,0
2011.0,54.0,4.1214000000000004,0.44603033006244436,34.961123110151185
2011.0,54.0,4.6232000000000006,0.36023054755043221,20.187904967602591
2011.0,54.0,5.2219499999999996,0.31138097462245073,12.822894168466526
2011.0,54.0,5.6345999999999998,1.092896174863389,-56.269978401727862
2011.0,54.0,5.9341499999999998,0.48065368901706307,7.5313174946004322
2011.0,54.0,6.34375,0.4961548002976926,21.246220302375811
2011.0,54.0,7.2039,0.15183723048891593,18.611231101511883
2011.0,54.0,8.3219499999999993,0.21765153988464472,41.807775377969762
2011.0,54.0,10.1129,0.075103266992114157,45.501079913606915
2011.0,54.0,11.7918,0.28785261945883678,-3.5269978401727866
2011.0,54.0,12.37875,0.41744938426215911,-10.395248380129592
2011.0,54.0,12.668849999999999,1.9782393669633902,-103.72138228941685
2011.0,54.0,12.786249999999999,1.4958863126402477,-116.37796976241903
2011.0,54.0,12.995850000000001,0.70052539404553238,-62.058315334773219
2011.0,54.0,13.251100000000001,0.88888888888889039,-78.926565874730031
2011.0,54.0,13.418050000000001,1.8365472910927421,-77.889848812095039
2011.0,54.0,13.706250000000001,0.42780748663101664,0.0
0,0,0,0,0
0,0,0,0,0
0,0,0,0,0
2011.0,58.0,12.5,1.0224948875255682,-423.7861771058316
2011.0,58.0,12.67545,1.2878300064391466,-574.60691144708437
2011.0,58.0,12.847249999999999,1.0621348911311743,-393.20302375809945
2011.0,58.0,13.0589,0.85106382978723616,-500.51403887688991
2011.0,58.0,13.285699999999999,0.9149130832570892,-278.25701943844501
2011.0,58.0,13.905850000000001,0.19575217774297723,-25.68682505399568
2011.0,58.0,15.5246,0.090260853867677598,0.0
0,0,0,0,0
0,0,0,0,0
0,0,0,0,0
0,0,0,0,0
0,0,0,0,0
0,0,0,0,0
0,0,0,0,0
0,0,0,0,0
0,0,0,0,0
0,0,0,0,0
0,0,0,0,0
0,0,0,0,0
0,0,0,0,0
0,0,0,0,0
0,0,0,0,0
0,0,0,0,0
0,0,0,0,0
0,0,0,0,0
2011.0,77.0,9.9192,0.33489618218352263,-256.63714902807783
2011.0,77.0,10.336549999999999,0.84210526315789858,-572.49028077753781
2011.0,77.0,10.53445,1.2634238787113032,-491.82073434125277
2011.0,77.0,10.78265,0.59154096421177038,-353.65658747300222
2011.0,77.0,11.110849999999999,0.62833804586867947,-295.66522678185754
2011.0,77.0,11.441549999999999,0.58292043136111971,-384.77969762419013
2011.0,77.0,11.74155,0.77851304009342193,-274.04535637149036
2011.0,77.0,12.0771,0.48285852245292016,-169.09935205183587
2011.0,77.0,12.443750000000001,0.62676277029144356,-320.4384449244061
2011.0,77.0,12.7636,0.62383031815346446,-245.03887688984884
2011.0,77.0,13.16555,0.41382164287192236,-232.38228941684667
2011.0,77.0,13.732199999999999,0.30769230769230754,0.0
0,0,0,0,0
0,0,0,0,0
0,0,0,0,0
0,0,0,0,0
0,0,0,0,0
0,0,0,0,0
0,0,0,0,0
0,0,0,0,0
0,0,0,0,0
0,0,0,0,0
0,0,0,0,0
0,0,0,0,0
0,0,0,0,0
0,0,0,0,0
0,0,0,0,0
0,0,0,0,0
0,0,0,0,0
0,0,0,0,0
0,0,0,0,0
0,0,0,0,0
0,0,0,0,0
0,0,0,0,0
0,0,0,0,0
0,0,0,0,0
0,0,0,0,0
0,0,0,0,0
0,0,0,0,0
0,0,0,0,0
0,0,0,0,0
0,0,0,0,0
0,0,0,0,0
0,0,0,0,0
0,0,0,0,0
0,0,0,0,0
0,0,0,0,0
0,0,0,0,0
0,0,0,0,0
0,0,0,0,0
0,0,0,0,0
0,0,0,0,0
0,0,0,0,0
0,0,0,0,0
0,0,0,0,0
0,0,0,0,0
0,0,0,0,0
0,0,0,0,0
0,0,0,0,0
0,0,0,0,0
0,0,0,0,0
0,0,0,0,0
0,0,0,0,0
0,0,0,0,0
0,0,0,0,0
0,0,0,0,0
0,0,0,0,0
0,0,0,0,0
0,0,0,0,0
0,0,0,0,0
0,0,0,0,0
0,0,0,0,0
0,0,0,0,0
0,0,0,0,0
0,0,0,0,0
0,0,0,0,0
0,0,0,0,0
0,0,0,0,0
0,0,0,0,0
0,0,0,0,0
0,0,0,0,0
0,0,0,0,0
0,0,0,0,0
0,0,0,0,0
0,0,0,0,0
0,0,0,0,0
0,0,0,0,0
0,0,0,0,0
0,0,0,0,0
0,0,0,0,0
0,0,0,0,0
2011.0,157.0,0.21509999999999999,0.50175614651279477,-20.395248380129591
2011.0,157.0,0.59165000000000001,0.56417489421720735,-42.015118790496764
2011.0,157.0,0.89100000000000001,0.81900081900081956,-47.306695464362853
2011.0,157.0,1.161,0.67613252197430684,-30.416846652267825
2011.0,157.0,1.4199999999999999,0.9000900090009003,-29.898488120950326
2011.0,157.0,1.7212499999999999,0.52590060478569545,-33.591792656587479
2011.0,157.0,2.1013999999999999,0.5263157894736844,-14.606911447084233
2011.0,157.0,2.4583500000000003,0.5989817310572022,-9.8552915766738671
2011.0,157.0,3.1258499999999998,0.19978024173409259,1.2030237580993521
2011.0,157.0,3.8915499999999996,0.37714501225721292,1.742980561555076
2011.0,157.0,5.0581999999999994,0.11092623405435387,4.3779697624190073
2011.0,157.0,6.7519499999999999,0.12622278321236982,0.0
0,0,0,0,0
0,0,0,0,0
0,0,0,0,0
2011.0,161.0,15.704599999999999,0.023614981344164742,-51.000000000000007
2011.0,161.0,20.892099999999999,0.10494280617063705,54.464362850971931
2011.0,161.0,22.60735,0.13117334557617868,118.53563714902809
2011.0,161.0,23.437049999999999,1.4847809948032809,-545.06047516198714
2011.0,161.0,23.532049999999998,3.6166365280289976,-782.09071274298071
2011.0,161.0,23.585799999999999,3.8314176245211362,-676.36717062635
2011.0,161.0,23.63345,4.6403712296980979,-680.57883369330466
2011.0,161.0,23.686950000000003,3.1298904538341019,-628.38660907127439
2011.0,161.0,23.757249999999999,2.6075619295958661,-564.04535637149036
2011.0,161.0,23.830449999999999,2.8694404591104332,-953.20302375809945
2011.0,161.0,23.888200000000001,4.3668122270742513,-960.58963282937384
2011.0,161.0,23.935400000000001,4.1152263374485241,0.0
0,0,0,0,0
2011.0,163.0,8.6978000000000009,0.16092693916961689,34.442764578833696
2011.0,163.0,9.7589000000000006,0.22742779167614274,-12.4902807775378
2011.0,163.0,10.448450000000001,0.40024014408645275,-34.650107991360699
2011.0,163.0,11.115549999999999,0.23966446974236064,29.1511879049676
2011.0,163.0,12.626950000000001,0.091395146917698677,90.857451403887708
2011.0,163.0,14.40415,0.14640216675206799,109.84233261339094
2011.0,163.0,15.267900000000001,0.55340343110127055,-14.606911447084233
2011.0,163.0,15.6493,0.49825610363727096,-37.803455723542122
2011.0,163.0,15.89845,2.0639834881321,-135.88120950323975
2011.0,163.0,16.045099999999998,1.0183299389002007,-101.87473002159828
2011.0,163.0,16.202500000000001,1.6891891891891726,-60.222462203023767
2011.0,163.0,16.482500000000002,0.45289855072464019,-14.606911447084233
2011.0,163.0,16.971350000000001,0.37306472673008689,9.1295896328293757
2011.0,163.0,17.361899999999999,0.81632653061224159,5.4362850971922256
2011.0,163.0,18.068449999999999,0.17121821761835473,11.764578833693307
2011.0,163.0,18.955550000000002,0.3299785513941586,1.742980561555076
2011.0,163.0,20.31945,0.094264033557996077,0.0
0,0,0,0,0
0,0,0,0,0
0,0,0,0,0
0,0,0,0,0
2011.0,168.0,12.1654,1.3605442176870892,-160.67602591792658
2011.0,168.0,12.30945,1.4174344436569652,12.822894168466526
2011.0,168.0,12.402650000000001,4.4150110375276688,-395.06047516198714
2011.0,168.0,12.7957,0.53447354355959376,45.501079913606915
2011.0,168.0,15.153600000000001,0.046065966463976399,67.660907127429809
2011.0,168.0,17.486899999999999,0.61538461538461675,-18.818574514038879
2011.0,168.0,17.766500000000001,0.85397096498718572,-90.805615550755945
2011.0,168.0,17.953200000000002,1.436781609195414,-119.01295896328295
2011.0,168.0,18.126950000000001,0.96015362457992703,-66.291576673866089
2011.0,168.0,18.275950000000002,2.2296544035675216,-95.276457883369332
2011.0,168.0,18.374699999999997,1.8552875695732667,-162.2526997840173
2011.0,168.0,18.4739,2.2075055187637478,-172.27429805615552
2011.0,168.0,18.585700000000003,1.5037593984962507,-34.650107991360699
2011.0,168.0,18.74945,1.0282776349614509,-92.123110151187902
2011.0,168.0,18.9846,0.7251631617113844,-52.036717062634992
2011.0,168.0,19.657800000000002,0.18681113394358262,0.0
0,0,0,0,0
0,0,0,0,0
0,0,0,0,0
0,0,0,0,0
0,0,0,0,0
0,0,0,0,0
0,0,0,0,0
0,0,0,0,0
0,0,0,0,0
0,0,0,0,0
0,0,0,0,0
0,0,0,0,0
0,0,0,0,0
0,0,0,0,0
0,0,0,0,0
0,0,0,0,0
0,0,0,0,0
0,0,0,0,0
0,0,0,0,0
0,0,0,0,0
0,0,0,0,0
0,0,0,0,0
0,0,0,0,0
0,0,0,0,0
0,0,0,0,0
0,0,0,0,0
0,0,0,0,0
0,0,0,0,0
0,0,0,0,0
0,0,0,0,0
0,0,0,0,0
0,0,0,0,0
0,0,0,0,0
0,0,0,0,0
0,0,0,0,0
0,0,0,0,0
0,0,0,0,0
0,0,0,0,0
0,0,0,0,0
0,0,0,0,0
0,0,0,0,0
0,0,0,0,0
0,0,0,0,0
0,0,0,0,0
0,0,0,0,0
0,0,0,0,0
2011.0,216.0,3.73475,0.62833804586867781,36.5377969762419
2011.0,216.0,3.96,1.5128593040847242,-88.429805615550762
2011.0,216.0,4.0629,2.7173913043477977,-157.5010799136069
2011.0,216.0,4.1308000000000007,3.2154340836012962,-185.44924406047517
2011.0,216.0,4.1829000000000001,4.7619047619047832,-190.20086393088556
2011.0,216.0,4.2964000000000002,4.7393364928909687,-167.00431965442766
2011.0,216.0,4.3553999999999995,2.6385224274406305,-129.03455723542118
2011.0,216.0,4.4357000000000006,2.358490566037724,-103.72138228941685
2011.0,216.0,4.5036500000000004,3.913894324853235,-41.496760259179275
2011.0,216.0,4.81365,0.35155563367903014,13.859611231101514
2011.0,216.0,5.63185,0.18735362997658067,15.976241900647951
2011.0,216.0,6.2222500000000007,1.7652250661959443,9.1295896328293757
2011.0,216.0,7.1987500000000004,0.10871337718106211,10.706263498920087
2011.0,216.0,8.3908500000000004,0.3673094582185496,7.0129589632829381
2011.0,216.0,8.7542000000000009,1.0976948408342486,-35.68682505399569
2011.0,216.0,9.0347499999999989,0.52784375824755903,-10.395248380129592
2011.0,216.0,9.3300000000000001,0.94517958412098002,-14.088552915766739
2011.0,216.0,9.5034500000000008,1.4781966001478297,-40.438444924406056
2011.0,216.0,9.6369499999999988,1.518602885345478,-42.015118790496764
2011.0,216.0,9.7748500000000007,1.3879250520471906,-47.306695464362853
2011.0,216.0,9.9023500000000002,1.803426510369688,-50.460043196544284
2011.0,216.0,10.086400000000001,0.77760497667185313,-19.358531317494602
2011.0,216.0,10.332100000000001,0.85397096498719227,-24.088552915766737
2011.0,216.0,10.535,1.1655011655011673,-40.438444924406056
2011.0,216.0,10.67,2.0325203252032193,-49.401727861771064
2011.0,216.0,10.783899999999999,1.5455950540958434,-36.745140388768903
2011.0,216.0,10.95515,0.93852651337399962,-27.522678185745143
2011.0,216.0,11.13725,1.3236267372600965,-36.745140388768903
2011.0,216.0,11.26515,1.9102196752626348,-41.496760259179275
2011.0,216.0,11.371549999999999,1.8501387604070558,-18.300215982721383
2011.0,216.0,11.690149999999999,0.378000378000377,5.4362850971922256
2011.0,216.0,13.578600000000002,0.061580146560748825,0.0
0,0,0,0,0
0,0,0,0,0
0,0,0,0,0
0,0,0,0,0
0,0,0,0,0
0,0,0,0,0
0,0,0,0,0
0,0,0,0,0
0,0,0,0,0
0,0,0,0,0
0,0,0,0,0
0,0,0,0,0
0,0,0,0,0
0,0,0,0,0
0,0,0,0,0
0,0,0,0,0
0,0,0,0,0
0,0,0,0,0
0,0,0,0,0
0,0,0,0,0
0,0,0,0,0
0,0,0,0,0
0,0,0,0,0
0,0,0,0,0
0,0,0,0,0
0,0,0,0,0
0,0,0,0,0
0,0,0,0,0
0,0,0,0,0
0,0,0,0,0
0,0,0,0,0
2011.0,249.0,4.85975,0.3068896731624981,9.1295896328293757
2011.0,249.0,5.5536500000000002,0.27170221437304698,28.114470842332612
2011.0,249.0,6.7005499999999998,0.12839442768183865,29.1511879049676
2011.0,249.0,7.7638499999999997,0.35155563367903014,21.246220302375811
2011.0,249.0,8.3483000000000001,0.33333333333333254,21.786177105831534
2011.0,249.0,9.0191499999999998,0.26965080221113669,21.786177105831534
2011.0,249.0,9.5546000000000006,0.60753341433778829,18.611231101511883
2011.0,249.0,12.31945,0.038457840592250749,42.347732181425492
2011.0,249.0,14.94275,4.3383947939263283,-224.20734341252705
2011.0,249.0,15.005549999999999,2.5157232704402688,0.0
0,0,0,0,0
0,0,0,0,0
0,0,0,0,0
0,0,0,0,0
0,0,0,0,0
0,0,0,0,0
0,0,0,0,0
0,0,0,0,0
0,0,0,0,0
0,0,0,0,0
0,0,0,0,0
0,0,0,0,0
0,0,0,0,0
0,0,0,0,0
0,0,0,0,0
0,0,0,0,0
0,0,0,0,0
0,0,0,0,0
0,0,0,0,0
0,0,0,0,0
0,0,0,0,0
0,0,0,0,0
0,0,0,0,0
0,0,0,0,0
0,0,0,0,0
0,0,0,0,0
0,0,0,0,0
0,0,0,0,0
0,0,0,0,0
0,0,0,0,0
0,0,0,0,0
0,0,0,0,0
0,0,0,0,0
0,0,0,0,0
0,0,0,0,0
0,0,0,0,0
0,0,0,0,0
0,0,0,0,0
0,0,0,0,0
0,0,0,0,0
0,0,0,0,0
0,0,0,0,0
0,0,0,0,0
0,0,0,0,0
0,0,0,0,0
0,0,0,0,0
0,0,0,0,0
0,0,0,0,0
0,0,0,0,0
0,0,0,0,0
0,0,0,0,0
0,0,0,0,0
0,0,0,0,0
0,0,0,0,0
0,0,0,0,0
0,0,0,0,0
0,0,0,0,0
0,0,0,0,0
0,0,0,0,0
0,0,0,0,0
0,0,0,0,0
0,0,0,0,0
0,0,0,0,0
0,0,0,0,0
0,0,0,0,0
0,0,0,0,0
0,0,0,0,0
0,0,0,0,0
0,0,0,0,0
0,0,0,0,0
0,0,0,0,0
0,0,0,0,0
0,0,0,0,0
0,0,0,0,0
0,0,0,0,0
0,0,0,0,0
0,0,0,0,0
0,0,0,0,0
0,0,0,0,0
0,0,0,0,0
0,0,0,0,0
0,0,0,0,0
0,0,0,0,0
0,0,0,0,0
0,0,0,0,0
0,0,0,0,0
0,0,0,0,0
0,0,0,0,0
0,0,0,0,0
0,0,0,0,0
0,0,0,0,0
0,0,0,0,0
0,0,0,0,0
0,0,0,0,0
0,0,0,0,0
0,0,0,0,0
2011.0,346.0,18.270849999999999,0.28101728256287745,24.421166306695469
2011.0,346.0,18.785,0.63171193935565162,-104.77969762419008
2011.0,346.0,19.067599999999999,0.80450522928399137,-80.254859611231097
2011.0,346.0,19.342199999999998,0.66533599467731364,-56.0
2011.0,346.0,19.610949999999999,0.84423807513719384,-41.75593952483802
2011.0,346.0,19.848149999999997,0.84210526315789225,-65.751619870410366
2011.0,346.0,20.047350000000002,1.2430080795525049,-35.168466522678187
2011.0,346.0,20.20975,1.2202562538133146,-58.634989200863927
2011.0,346.0,20.359299999999998,1.4792899408283904,-49.941684665226788
2011.0,346.0,20.547750000000001,0.8274720728175371,-32.015118790496764
2011.0,346.0,20.840400000000002,0.58207217694994429,-64.693304535637154
2011.0,346.0,21.084,1.3927576601671379,-25.146868250539956
2011.0,346.0,21.274850000000001,0.83998320033599572,-17.76025917926566
2011.0,346.0,21.46735,1.3614703880190397,-60.481641468682511
2011.0,346.0,21.601800000000001,1.6393442622950836,-49.941684665226788
2011.0,346.0,21.705449999999999,2.3446658851113678,-93.440604751619873
2011.0,346.0,21.80875,1.6488046166529544,-65.751619870410366
2011.0,346.0,21.9268,1.7421602787456074,-107.41468682505401
2011.0,346.0,22.033200000000001,2.0408163265306336,-88.159827213822894
2011.0,346.0,22.140549999999998,1.713796058269095,-93.699784017278631
2011.0,346.0,22.257100000000001,1.7182130584192103,-52.835853131749474
2011.0,346.0,22.404299999999999,1.1235955056179723,-53.095032397408218
2011.0,346.0,22.547899999999998,1.8315018315018694,-85.794816414686821
2011.0,346.0,22.654449999999997,1.9249278152069402,-77.889848812095039
2011.0,346.0,22.756799999999998,1.9841269841269231,-71.02159827213822
2011.0,346.0,22.874700000000001,1.4814814814815034,-47.825053995680356
2011.0,346.0,23.003599999999999,1.6286644951139857,-44.131749460043203
2011.0,346.0,23.108750000000001,2.2857142857143229,-107.93304535637151
2011.0,346.0,23.215299999999999,1.592356687898107,-61.539956803455723
2011.0,346.0,23.324999999999999,2.1321961620468706,-29.898488120950326
2011.0,346.0,23.404,3.115264797507808,-103.451403887689
2011.0,346.0,23.47015,2.9368575624081732,443.08207343412533
2011.0,346.0,23.534750000000003,3.2733224222586084,345.5334773218143
2011.0,346.0,23.607100000000003,2.3923444976076396,905.00431965442772
2011.0,346.0,23.683350000000001,2.9027576197387819,1.4730021598272138
2011.0,346.0,23.759050000000002,2.4242424242424367,379.82073434125272
2011.0,346.0,23.830849999999998,3.2733224222586084,486.86177105831536
2011.0,346.0,23.882350000000002,4.7732696897372628,726.77537796976253
2011.0,346.0,23.924300000000002,4.7619047619049848,0.0
0,0,0,0,0
0,0,0,0,0
2011.0,349.0,4.5334500000000002,0.52896059243586369,100.33909287257021
2011.0,349.0,12.94835,0.012156798385577176,135.67386609071275
2011.0,349.0,21.326000000000001,0.65876152832674695,-119.01295896328295
2011.0,349.0,21.654449999999997,0.56609114067364719,-130.0928725701944
2011.0,349.0,21.991949999999999,0.62169723344731143,-222.87904967602594
2011.0,349.0,22.275449999999999,0.81532816958825838,-143.26781857451405
2011.0,349.0,22.563749999999999,0.60368246302445128,-124.8012958963283
2011.0,349.0,22.902200000000001,0.57870370370370205,-94.21814254859612
2011.0,349.0,23.269449999999999,0.51427102082797693,-88.429805615550762
2011.0,349.0,23.616099999999999,0.65703022339027362,0.0
2011.0,350.0,0.29554999999999998,0.53806833467850423,-57.306695464362846
2011.0,350.0,0.75805,0.36146755828664384,-60.481641468682511
2011.0,350.0,3.0129000000000001,0.0505510059650187,2.2613390928725705
2011.0,350.0,5.1906999999999996,0.50100200400801664,-95.276457883369332
2011.0,350.0,5.6540499999999998,0.37914691943127976,-20.935205183585314
2011.0,350.0,6.12235,0.48887802493277877,-9.8552915766738671
2011.0,350.0,6.6305499999999995,0.32932652725177042,-10.395248380129592
2011.0,350.0,7.2772500000000004,0.29150269639994147,-26.723542116630671
2011.0,350.0,8.3208500000000001,0.14274498608236391,37.596112311015126
2011.0,350.0,13.2789,0.023487962419260128,0.0
0,0,0,0,0
0,0,0,0,0
2011.0,353.0,10.792349999999999,0.048338368580060416,87.164146868250555
2011.0,353.0,13.263200000000001,0.24869435463814979,66.062634989200873
2011.0,353.0,13.871,0.48614487117160865,2.8012958963282939
2011.0,353.0,14.28725,0.4749465685110435,0.16630669546436283
2011.0,353.0,14.777249999999999,0.35784576847378813,38.114470842332615
2011.0,353.0,15.194599999999999,0.7251631617113844,-70.503239740820746
2011.0,353.0,15.4611,0.7776049766718478,-62.598272138228943
2011.0,353.0,15.741949999999999,0.65681444991790017,21.246220302375811
2011.0,353.0,16.32695,0.23108030040439079,0.0
0,0,0,0,0
0,0,0,0,0
0,0,0,0,0
2011.0,357.0,13.204699999999999,0.23747328425552125,44.982721382289419
2011.0,357.0,13.717500000000001,1.0905125408942162,16.235421166306697
2011.0,357.0,13.971550000000001,0.61595318755774564,22.30453563714903
2011.0,357.0,14.75085,0.16208768943998703,18.092872570194384
2011.0,357.0,15.391249999999999,4.2643923240939028,-220.78401727861777
2011.0,357.0,15.4732,3.115264797507808,-299.87688984881214
2011.0,357.0,15.618600000000001,0.88261253309797216,-189.40172786177106
2011.0,357.0,15.84625,0.87450808919982548,-11.43196544276458
2011.0,357.0,16.0578,1.028806584362131,-77.889848812095039
2011.0,357.0,16.370850000000001,0.46328468844104781,0.0
0,0,0,0,0
0,0,0,0,0
0,0,0,0,0
0,0,0,0,0
0,0,0,0,0
0,0,0,0,0
0,0,0,0,0
0,0,0,0,0
0,0,0,0,0
0,0,0,0,0
2012.0,3.0,2.0929000000000002,0.2932551319648094,31.267818574514038
2012.0,3.0,2.6612499999999999,0.43985045084671226,-43.073434125269991
2012.0,3.0,3.0037500000000001,0.86843247937472801,99.820734341252717
2012.0,3.0,3.2233499999999999,0.95739588319770297,-14.088552915766739
2012.0,3.0,3.6255499999999996,0.33585222502099082,0.16630669546436283
2012.0,3.0,4.1158000000000001,0.51948051948051921,-4.5853131749460045
2012.0,3.0,4.4194499999999994,0.89968511021142716,0.68466522678185771
2012.0,3.0,4.9214000000000002,0.25588536335721596,1.742980561555076
2012.0,3.0,7.4080499999999994,0.047713338263711623,0.16630669546436283
2012.0,3.0,9.8803000000000001,0.26567481402762999,-23.051835853131749
2012.0,3.0,10.52805,0.36852773171181136,-17.76025917926566
2012.0,3.0,11.035,0.42444821731748761,-19.358531317494602
2012.0,3.0,11.323650000000001,1.8850141376060385,-155.38444924406051
2012.0,3.0,11.508600000000001,2.8818443804034621,-183.33261339092874
2012.0,3.0,11.61805,1.3377926421404707,-302.51187904967605
2012.0,3.0,11.73265,2.509410288582159,-62.598272138228943
2012.0,3.0,11.8696,1.029866117404745,-54.941684665226795
2012.0,3.0,12.036149999999999,1.4398848092152488,-1.4319654427645792
2012.0,3.0,12.92765,0.12164710175780064,0.0
0,0,0,0,0
0,0,0,0,0
0,0,0,0,0
0,0,0,0,0
0,0,0,0,0
0,0,0,0,0
0,0,0,0,0
0,0,0,0,0
0,0,0,0,0
0,0,0,0,0
0,0,0,0,0
0,0,0,0,0
0,0,0,0,0
0,0,0,0,0
0,0,0,0,0
0,0,0,0,0
0,0,0,0,0
0,0,0,0,0
0,0,0,0,0
0,0,0,0,0
0,0,0,0,0
0,0,0,0,0
0,0,0,0,0
0,0,0,0,0
0,0,0,0,0
0,0,0,0,0
0,0,0,0,0
0,0,0,0,0
0,0,0,0,0
0,0,0,0,0
0,0,0,0,0
0,0,0,0,0
0,0,0,0,0
0,0,0,0,0
0,0,0,0,0
0,0,0,0,0
0,0,0,0,0
0,0,0,0,0
0,0,0,0,0
0,0,0,0,0
0,0,0,0,0
0,0,0,0,0
0,0,0,0,0
0,0,0,0,0
0,0,0,0,0
0,0,0,0,0
0,0,0,0,0
0,0,0,0,0
0,0,0,0,0
0,0,0,0,0
0,0,0,0,0
0,0,0,0,0
0,0,0,0,0
0,0,0,0,0
0,0,0,0,0
0,0,0,0,0
0,0,0,0,0
0,0,0,0,0
0,0,0,0,0
0,0,0,0,0
2012.0,64.0,5.0694499999999998,0.11936735302894662,-10.395248380129592
2012.0,64.0,6.2860999999999994,0.26392187912377923,-13.030237580993521
2012.0,64.0,7.1043000000000003,0.22763487366264523,-68.926565874730017
2012.0,64.0,7.78165,0.4200798151648808,-33.051835853131749
2012.0,64.0,8.1989000000000001,0.55803571428571497,-43.073434125269991
2012.0,64.0,8.5337499999999995,0.64246707356248156,-71.561555075593944
2012.0,64.0,8.7378999999999998,2.061855670103065,-79.984881209503243
2012.0,64.0,8.8703000000000003,1.1918951132300377,-93.699784017278631
2012.0,64.0,9.0549999999999997,0.99206349206349653,-79.466522678185754
2012.0,64.0,9.2850999999999999,0.77339520494972558,-44.131749460043203
2012.0,64.0,9.5352500000000013,0.82747207281754309,-131.66954643628512
2012.0,64.0,9.7311000000000014,1.3333333333333302,-120.60043196544277
2012.0,64.0,9.882200000000001,1.3140604467805626,-93.699784017278631
2012.0,64.0,10.045549999999999,1.1461318051575926,-122.16630669546437
2012.0,64.0,10.197800000000001,1.5384615384615292,-209.17494600431968
2012.0,64.0,10.309850000000001,2.1253985122210599,-129.55291576673866
2012.0,64.0,10.468299999999999,0.8976660682226163,-110.04967602591792
2012.0,64.0,10.7379,0.63211125158027859,-94.758099352051843
2012.0,64.0,11.037100000000001,0.70921985815602828,-127.7170626349892
2012.0,64.0,11.25695,1.2682308180088764,-10.913606911447086
2012.0,64.0,11.449450000000001,4.2283298097251683,-492.85745140388775
2012.0,64.0,11.566700000000001,1.0683760683760746,-266.91792656587478
2012.0,64.0,11.813499999999999,0.65274151436031336,-290.91360691144718
2012.0,64.0,12.115549999999999,0.67181726570372691,-106.35637149028078
2012.0,64.0,12.34665,1.2158054711246178,-173.85097192224623
2012.0,64.0,12.46475,2.789400278940033,-44.401727861771064
2012.0,64.0,12.58375,1.2026458208057751,-12.4902807775378
2012.0,64.0,12.90565,0.41884816753926779,439.14038876889856
2012.0,64.0,13.1808,2.7472527472527148,-719.61771058315344
2012.0,64.0,13.337199999999999,0.83333333333333259,-770.7624190064796
2012.0,64.0,13.5968,0.71633237822349716,301.24622030237583
2012.0,64.0,13.877099999999999,0.71073205401563699,-19.358531317494602
2012.0,64.0,14.358750000000001,0.29329813755682627,-202.31749460043198
2012.0,64.0,15.7432,0.095831336847149035,23.881209503239745
2012.0,64.0,16.896000000000001,0.91491308325709664,0.0
0,0,0,0,0
0,0,0,0,0
0,0,0,0,0
0,0,0,0,0
0,0,0,0,0
0,0,0,0,0
0,0,0,0,0
0,0,0,0,0
0,0,0,0,0
0,0,0,0,0
0,0,0,0,0
0,0,0,0,0
0,0,0,0,0
0,0,0,0,0
0,0,0,0,0
0,0,0,0,0
0,0,0,0,0
0,0,0,0,0
0,0,0,0,0
0,0,0,0,0
0,0,0,0,0
0,0,0,0,0
0,0,0,0,0
0,0,0,0,0
0,0,0,0,0
2012.0,91.0,1.1173500000000001,0.76190476190476208,53.946004319654428
2012.0,91.0,2.59335,0.074363264547313637,40.231101511879054
2012.0,91.0,4.03085,1.0781671159029662,31.786177105831534
2012.0,91.0,4.5411000000000001,0.23952095808383236,30.749460043196546
2012.0,91.0,5.0269499999999994,1.4630577907827331,27.574514038876888
2012.0,91.0,5.9373500000000003,0.11875779348019715,25.479481641468688
2012.0,91.0,6.8693,1.1123470522803105,29.691144708423323
2012.0,91.0,7.0836000000000006,1.1325028312570804,37.077753779697623
2012.0,91.0,7.2328999999999999,1.795332136445247,21.246220302375811
2012.0,91.0,7.3991499999999997,0.90456806874717388,25.479481641468688
2012.0,91.0,7.5782999999999996,1.457725947521866,22.30453563714903
2012.0,91.0,7.6812500000000004,2.9112081513827963,18.092872570194384
2012.0,91.0,7.7370999999999999,4.6511627906976587,22.30453563714903
2012.0,91.0,7.8609500000000008,0.97703957010258979,28.632829373650111
2012.0,91.0,8.0465,1.2019230769230811,38.114470842332615
2012.0,91.0,8.3451500000000003,0.46414481318171147,40.231101511879054
2012.0,91.0,11.3078,0.036400698893418765,32.844492440604753
2012.0,91.0,14.201799999999999,0.68119891008174471,43.406047516198704
2012.0,91.0,14.939699999999998,0.16917611233293861,39.172786177105834
2012.0,91.0,15.768750000000001,0.42780748663101503,49.734341252699792
2012.0,91.0,16.864450000000001,0.11601601020940888,47.617710583153354
2012.0,91.0,17.854300000000002,0.7818608287724873,51.829373650107996
2012.0,91.0,20.119700000000002,0.046783625730994129,62.390928725701954
2012.0,91.0,22.472750000000001,0.46392948271862605,63.427645788336946
2012.0,91.0,22.921250000000001,0.4292766688130521,64.485961123110158
2012.0,91.0,23.267499999999998,0.88261253309796517,65.544276457883385
2012.0,91.0,23.46095,1.2476606363069289,65.544276457883385
2012.0,91.0,23.630700000000001,1.1160714285714188,0.0
0,0,0,0,0
0,0,0,0,0
0,0,0,0,0
0,0,0,0,0
0,0,0,0,0
0,0,0,0,0
0,0,0,0,0
0,0,0,0,0
2012.0,100.0,5.57775,0.061235112213343136,49.734341252699792
2012.0,100.0,7.7507000000000001,0.18521948508983152,30.749460043196546
2012.0,100.0,9.0856999999999992,0.12577034335303727,30.749460043196546
2012.0,100.0,10.59375,0.14026229048320374,17.034557235421168
2012.0,100.0,11.92155,0.16264129462470509,18.092872570194384
2012.0,100.0,13.3071,0.12975217334890365,36.019438444924411
2012.0,100.0,15.4846,0.071083309638896766,39.172786177105834
2012.0,100.0,17.780000000000001,0.11253657438667564,27.574514038876888
2012.0,100.0,18.7897,0.82576383154418909,18.092872570194384
2012.0,100.0,19.214149999999997,0.32965221691115876,21.246220302375811
2012.0,100.0,19.79665,0.35823034210997501,10.706263498920087
2012.0,100.0,20.19455,0.84210526315789225,-18.818574514038879
2012.0,100.0,20.419699999999999,0.93984962406015982,-18.818574514038879
2012.0,100.0,20.614599999999999,1.1299435028248614,-15.136069114470843
2012.0,100.0,20.944600000000001,0.41407867494823974,9.6479481641468698
2012.0,100.0,21.4575,0.36845983787767156,7.5313174946004322
2012.0,100.0,22.118200000000002,0.25687130747495479,0.0
0,0,0,0,0
0,0,0,0,0
0,0,0,0,0
0,0,0,0,0
0,0,0,0,0
2012.0,106.0,0.19835000000000003,0.54960153888430896,67.660907127429809
2012.0,106.0,0.81430000000000002,0.23041474654377886,62.390928725701954
2012.0,106.0,1.2948499999999998,2.1482277121374875,61.861771058315341
2012.0,106.0,1.38375,2.4420024420024395,60.274298056155523
2012.0,106.0,1.4662500000000001,2.4067388688327331,64.485961123110158
2012.0,106.0,1.6221999999999999,0.8802816901408449,65.544276457883385
2012.0,106.0,1.7558,4.9999999999999956,64.485961123110158
2012.0,106.0,1.84975,1.713796058269069,65.544276457883385
2012.0,106.0,1.9319500000000001,4.6189376443418126,67.660907127429809
2012.0,106.0,2.0021,2.0618556701030886,66.602591792656597
2012.0,106.0,2.0716999999999999,4.7393364928910184,61.332613390928735
2012.0,106.0,2.19475,1.5515903801396458,60.274298056155523
2012.0,106.0,2.33975,1.3633265167007493,57.099352051835858
2012.0,106.0,2.4904500000000001,1.47819660014782,58.157667386609077
2012.0,106.0,2.64595,1.6708437761069352,58.157667386609077
2012.0,106.0,2.7867999999999999,1.2345679012345685,59.215982721382304
2012.0,106.0,2.8978000000000002,3.3333333333333304,57.099352051835858
2012.0,106.0,2.9506999999999999,4.3668122270742513,55.004319654427654
2012.0,106.0,3.0054499999999997,3.35008375209381,56.062634989200873
2012.0,106.0,3.1132,1.2836970474967895,57.099352051835858
2012.0,106.0,3.2815500000000002,1.8231540565177811,56.062634989200873
2012.0,106.0,3.3589000000000002,4.4444444444444082,57.099352051835858
2012.0,106.0,3.41655,2.844950213371265,58.157667386609077
2012.0,106.0,3.5726499999999999,1.3879250520471906,57.099352051835858
2012.0,106.0,3.7080500000000001,1.5785319652722964,60.274298056155523
2012.0,106.0,3.8273999999999999,3.5460992907801416,60.274298056155523
2012.0,106.0,3.9394499999999999,1.3633265167007453,60.274298056155523
2012.0,106.0,4.0771999999999995,1.5723270440251658,60.274298056155523
2012.0,106.0,4.1753,3.7878787878788232,59.215982721382304
2012.0,106.0,4.2242999999999995,4.4247787610619129,59.215982721382304
2012.0,106.0,4.3163499999999999,1.4398848092152672,58.157667386609077
2012.0,106.0,4.4229000000000003,2.695417789757403,61.332613390928735
2012.0,106.0,4.4871999999999996,3.6764705882352788,60.274298056155523
2012.0,106.0,4.5927500000000006,1.2763241863433326,60.274298056155523
2012.0,106.0,4.7746999999999993,1.5649452269170618,58.157667386609077
2012.0,106.0,4.8987499999999997,2.424242424242411,66.602591792656597
2012.0,106.0,5.0094500000000002,1.4398848092152672,66.602591792656597
2012.0,106.0,5.1137499999999996,2.8694404591104696,68.697624190064801
2012.0,106.0,5.2481,2.4999999999999978,69.755939524838027
2012.0,106.0,5.3470499999999994,3.6166365280289394,69.755939524838027
2012.0,106.0,5.5063999999999993,2.0120724346076431,70.814254859611239
2012.0,106.0,5.5989000000000004,2.3364485981308318,73.989200863930904
2012.0,106.0,5.78695,1.4566642388929378,75.025917926565882
2012.0,106.0,5.9387499999999998,1.2026458208057751,72.930885529157678
2012.0,106.0,6.1105499999999999,1.6433853738701647,76.084233261339108
2012.0,106.0,6.3438999999999997,0.5797101449275367,79.259179265658759
2012.0,106.0,6.5923499999999997,1.3166556945358758,78.200863930885532
2012.0,106.0,6.7329000000000008,1.5479876160990715,72.930885529157678
2012.0,106.0,6.8695500000000003,2.3612750885478224,76.084233261339108
2012.0,106.0,7.1412499999999994,0.48042277203939404,84.529157667386613
2012.0,106.0,7.4343000000000004,1.930501930501928,85.58747300215984
2012.0,106.0,7.55335,1.4869888475836524,84.529157667386613
2012.0,106.0,7.6958500000000001,1.3289036544850492,90.857451403887708
2012.0,106.0,7.7952499999999993,4.1407867494823822,87.682505399568043
2012.0,106.0,7.9074999999999998,1.1350737797956887,90.857451403887708
2012.0,106.0,8.0332000000000008,2.6595744680850855,88.74082073434127
2012.0,106.0,8.10595,2.8449502133712827,92.974082073434133
2012.0,106.0,8.2086000000000006,1.4814814814814838,91.915766738660921
2012.0,106.0,8.3261000000000003,2.0000000000000071,82.412526997840189
2012.0,106.0,8.4126499999999993,2.7359781121750966,85.58747300215984
2012.0,106.0,8.6024999999999991,0.65231572080886868,87.682505399568043
2012.0,106.0,8.8003999999999998,2.2421524663677146,90.857451403887708
2012.0,106.0,8.9131999999999998,1.4662756598240463,97.185745140388789
2012.0,106.0,9.20045,0.487448208627834,95.069114470842337
2012.0,106.0,9.5466999999999995,0.70871722182849162,82.412526997840189
2012.0,106.0,9.8188999999999993,0.7627765064836004,87.682505399568043
2012.0,106.0,10.052499999999998,0.97560975609756073,78.200863930885532
2012.0,106.0,10.37055,0.46392948271862605,70.814254859611239
2012.0,106.0,11.1403,0.18740629685157428,68.697624190064801
2012.0,106.0,11.7478,1.3531799729363991,57.099352051835858
2012.0,106.0,12.061399999999999,0.41718815185648728,61.332613390928735
2012.0,106.0,12.4946,0.51679586563307434,63.427645788336946
2012.0,106.0,12.720700000000001,3.0674846625767325,56.062634989200873
2012.0,106.0,12.827249999999999,2.9985007496252285,49.734341252699792
2012.0,106.0,12.944600000000001,1.1904761904761831,57.099352051835858
2012.0,106.0,13.055,3.7878787878788232,49.734341252699792
2012.0,106.0,13.227499999999999,0.68446269678302685,60.274298056155523
2012.0,106.0,13.41165,2.6281208935610945,45.501079913606915
2012.0,106.0,13.557649999999999,0.92635479388606035,53.946004319654428
2012.0,106.0,13.74775,2.2650056625141497,56.062634989200873
2012.0,106.0,13.8765,2.8248587570622101,45.501079913606915
2012.0,106.0,13.9597,2.1186440677966045,44.442764578833696
2012.0,106.0,14.06915,1.606425702811253,60.274298056155523
2012.0,106.0,14.219449999999998,1.1357183418512216,69.755939524838027
2012.0,106.0,14.42525,0.95739588319770297,37.077753779697623
2012.0,106.0,14.554449999999999,4.0404040404040327,49.734341252699792
2012.0,106.0,14.6242,2.2222222222222259,58.157667386609077
2012.0,106.0,14.77045,0.9876543209876516,49.734341252699792
2012.0,106.0,15.093350000000001,0.45568466621098358,59.215982721382304
2012.0,106.0,15.4475,1.7482517482517508,62.390928725701954
2012.0,106.0,15.605,1.5527950310559004,63.427645788336946
2012.0,106.0,15.70025,3.2414910858995092,66.602591792656597
2012.0,106.0,15.7515,4.9019607843136255,64.485961123110158
2012.0,106.0,15.79485,4.357298474945571,61.332613390928735
2012.0,106.0,15.86815,2.7586206896551131,68.697624190064801
2012.0,106.0,15.93205,3.6166365280289976,61.332613390928735
2012.0,106.0,16.02055,1.6433853738701887,38.114470842332615
2012.0,106.0,16.237499999999997,0.64061499039077374,65.544276457883385
2012.0,106.0,16.433599999999998,2.4999999999999423,64.485961123110158
2012.0,106.0,16.564599999999999,1.0989010989011074,34.961123110151185
2012.0,106.0,16.810299999999998,0.64641241111829328,63.427645788336946
2012.0,106.0,16.992350000000002,4.357298474945571,-23.051835853131749
2012.0,106.0,17.0425,3.6764705882352189,15.976241900647951
2012.0,106.0,17.099150000000002,3.3955857385400292,42.347732181425492
2012.0,106.0,17.172750000000001,2.2650056625141497,47.617710583153354
2012.0,106.0,17.25,3.0211480362536838,79.259179265658759
2012.0,106.0,17.403500000000001,0.83056478405315581,77.142548596112334
2012.0,106.0,17.618200000000002,1.6260162601625872,76.084233261339108
2012.0,106.0,17.797750000000001,0.84709868699703372,59.215982721382304
2012.0,106.0,18.186500000000002,0.36941263391208018,77.142548596112334
2012.0,106.0,18.478899999999999,4.6082949308757541,84.529157667386613
2012.0,106.0,19.072099999999999,0.17497812773403315,87.682505399568043
2012.0,106.0,19.690249999999999,2.1436227224008744,90.857451403887708
2012.0,106.0,19.767199999999999,3.3003300330032528,83.470842332613401
2012.0,106.0,19.825299999999999,3.5971223021581524,78.200863930885532
2012.0,106.0,19.929450000000003,1.3097576948264624,82.412526997840189
2012.0,106.0,20.086100000000002,1.3586956521738989,90.857451403887708
2012.0,106.0,20.402750000000001,0.41143797572515911,90.857451403887708
2012.0,106.0,20.785150000000002,0.75728890571752361,90.857451403887708
2012.0,106.0,20.95205,2.8694404591105793,91.915766738660921
2012.0,106.0,21.02525,2.6075619295957453,102.45572354211664
2012.0,106.0,21.138449999999999,1.3360053440213826,101.39740820734342
2012.0,106.0,21.24485,3.2310177705976653,97.185745140388789
2012.0,106.0,21.364849999999997,2.4420024420024133,100.33909287257021
2012.0,106.0,21.47345,1.4781966001478104,102.45572354211664
2012.0,106.0,21.566099999999999,4.4444444444446267,106.66738660907129
2012.0,106.0,21.905000000000001,0.31605562579013929,103.51403887688987
2012.0,106.0,22.324999999999999,0.96525096525096399,115.11231101511882
2012.0,106.0,22.49025,1.6220600162205949,119.32397408207345
2012.0,106.0,22.583600000000001,3.1545741324920415,120.38228941684667
2012.0,106.0,22.772100000000002,0.84033613445377064,117.22894168466523
2012.0,106.0,22.998750000000001,0.9289363678588054,104.57235421166308
2012.0,106.0,23.16,1.9047619047619615,103.51403887688987
2012.0,106.0,23.261800000000001,2.0283975659228979,106.66738660907129
2012.0,106.0,23.461100000000002,0.80710250201775113,110.90064794816415
2012.0,106.0,23.649450000000002,1.5515903801396671,105.60907127429807
2012.0,106.0,23.7989,1.1764705882352824,0.0
0,0,0,0,0
0,0,0,0,0
0,0,0,0,0
0,0,0,0,0
2012.0,111.0,7.5058500000000006,0.021515787208864504,114.05399568034559
2012.0,111.0,12.18525,3.1595576619273347,-946.87473002159834
2012.0,111.0,13.476900000000001,0.079365079365079388,-73.656587473002162
2012.0,111.0,14.876249999999999,3.1695721077654326,-36.745140388768903
2012.0,111.0,16.374600000000001,0.069720421111343495,-4.5853131749460037
2012.0,111.0,17.94445,0.73773515308005244,68.697624190064801
2012.0,111.0,18.179699999999997,1.0030090270812404,90.857451403887708
2012.0,111.0,19.450099999999999,0.085418980097377639,163.62203023758101
2012.0,111.0,21.0275,0.24588148512416971,121.44060475161989
2012.0,111.0,22.265450000000001,0.12030075187969941,59.215982721382304
2012.0,111.0,23.4893,0.25471217524197554,0.0
0,0,0,0,0
0,0,0,0,0
0,0,0,0,0
2012.0,115.0,0.16444999999999999,1.3289036544850499,6.494600431965444
2012.0,115.0,0.3382,1.0152284263959392,7.5313174946004322
2012.0,115.0,0.48625000000000002,2.0181634712411691,10.706263498920087
2012.0,115.0,0.56705000000000005,3.2000000000000002,13.859611231101514
2012.0,115.0,0.78125,0.77489345215032934,14.917926565874733
2012.0,115.0,1.0114000000000001,1.6977928692699489,15.976241900647951
2012.0,115.0,1.1752500000000001,1.0746910263299305,14.917926565874733
2012.0,115.0,1.2978000000000001,4.9261083743842402,13.859611231101514
2012.0,115.0,1.3492000000000002,3.2154340836012847,14.917926565874733
2012.0,115.0,1.4060999999999999,3.875968992248072,17.034557235421168
2012.0,115.0,1.4953000000000001,1.5923566878980902,18.092872570194384
2012.0,115.0,1.5987499999999999,3.1397174254317068,18.092872570194384
2012.0,115.0,1.7115,1.930501930501928,15.976241900647951
2012.0,115.0,1.82735,4.1580041580041556,8.5896328293736506
2012.0,115.0,1.9862500000000001,1.0422094841063068,11.764578833693307
2012.0,115.0,2.1579000000000002,1.8416206261510124,6.494600431965444
2012.0,115.0,2.4016999999999999,1.1286681715575619,6.494600431965444
2012.0,115.0,2.57375,1.1983223487118031,10.706263498920087
2012.0,115.0,2.7504,1.647446457990116,7.5313174946004322
2012.0,115.0,2.8318000000000003,4.8309178743961496,5.4362850971922256
2012.0,115.0,2.9293,1.3020833333333337,3.3196544276457889
2012.0,115.0,3.1369499999999997,0.76423385555980183,4.3779697624190073
2012.0,115.0,3.4048499999999997,0.72966070777088599,11.764578833693307
2012.0,115.0,3.65585,1.3745704467353934,13.859611231101514
2012.0,115.0,3.9935999999999998,0.40176777822418658,14.917926565874733
2012.0,115.0,4.3087499999999999,2.3781212841855108,8.5896328293736506
2012.0,115.0,4.4567999999999994,0.94339622641509158,6.494600431965444
2012.0,115.0,4.6172500000000003,2.789400278940033,7.5313174946004322
2012.0,115.0,4.6747499999999995,4.6189376443418606,-1.9503239740820735
2012.0,115.0,4.8528000000000002,0.76103500761034903,8.5896328293736506
2012.0,115.0,5.0559500000000002,1.403508771929824,3.3196544276457889
2012.0,115.0,5.1916500000000001,3.9603960396039963,3.3196544276457889
2012.0,115.0,5.3689999999999998,0.65746219592373489,1.2030237580993521
2012.0,115.0,5.6904000000000003,0.68634179821551056,-1.9503239740820735
2012.0,115.0,5.8791500000000001,2.3228803716608577,24.421166306695469
2012.0,115.0,5.9654000000000007,2.3148148148148082,24.421166306695469
2012.0,115.0,6.0335999999999999,4.0000000000000142,19.151187904967603
2012.0,115.0,6.2066499999999998,0.85726532361766028,31.786177105831534
2012.0,115.0,6.7548499999999994,0.2317228594600857,42.347732181425492
2012.0,115.0,7.4540500000000005,0.37362226788716585,32.844492440604753
2012.0,115.0,7.91045,0.52980132450331197,43.406047516198704
2012.0,115.0,8.1833500000000008,1.1883541295305977,72.930885529157678
2012.0,115.0,8.8384499999999999,0.17514668534897981,72.930885529157678
2012.0,115.0,10.1304,0.13978194017332948,89.799136069114482
2012.0,115.0,11.48025,0.1576168334778156,57.099352051835858
2012.0,115.0,14.301499999999999,0.045728918968355591,94.010799136069124
2012.0,115.0,16.649850000000001,0.6190034045187246,69.755939524838027
2012.0,115.0,17.142900000000001,0.30367446097783185,82.412526997840189
2012.0,115.0,18.642200000000003,0.085470085470085486,89.799136069114482
2012.0,115.0,21.522199999999998,0.058479532163742722,0.0
2012.0,116.0,3.8935,0.29472443265546699,202.12095032397411
2012.0,116.0,4.4033499999999997,0.58633831720902974,-55.730021598272138
2012.0,116.0,4.9398499999999999,0.27326137450471394,-209.17494600431968
2012.0,116.0,5.4692999999999996,0.61162079510703371,-152.74946004319656
2012.0,116.0,5.7317999999999998,1.0101010101010082,-134.82289416846652
2012.0,116.0,6.0502500000000001,0.45568466621098175,-167.52267818574515
2012.0,116.0,6.3482000000000003,1.2738853503184713,-88.429805615550762
2012.0,116.0,6.5037500000000001,1.29785853341986,-126.39956803455725
2012.0,116.0,6.6994500000000006,0.84281500210703653,-154.86609071274299
2012.0,116.0,6.9040499999999998,1.1634671320535199,-128.49460043196544
2012.0,116.0,7.0771999999999995,1.1467889908256919,-281.41036717062639
2012.0,116.0,7.33385,0.59014458542342763,-243.46220302375815
2012.0,116.0,7.6014999999999997,1.0183299389002054,-110.56803455723544
2012.0,116.0,7.7994500000000002,1.0025062656641581,-61.0
2012.0,116.0,8.01295,0.87912087912088244,-184.39092872570194
2012.0,116.0,8.18445,1.7316017316017194,-122.16630669546437
2012.0,116.0,8.28125,2.5608194622279403,-156.98272138228941
2012.0,116.0,8.3642000000000003,2.2779043280182325,-64.174946004319665
2012.0,116.0,8.4486500000000007,2.4660912453760466,-144.32613390928728
2012.0,116.0,8.5548999999999999,1.5220700152207085,-37.803455723542122
2012.0,116.0,8.6838999999999995,1.5797788309636673,-11.43196544276458
2012.0,116.0,8.8737499999999994,0.79020150138285306,-146.42116630669548
2012.0,116.0,9.1831999999999994,0.54674685620557661,-16.723542116630671
2012.0,116.0,9.7580500000000008,0.25513458349279217,-5.1036717062634986
2012.0,116.0,10.208200000000001,1.7182130584192365,-145.38444924406048
2012.0,116.0,10.331800000000001,1.5290519877675968,-20.935205183585314
2012.0,116.0,10.651399999999999,0.39339103068450043,-30.416846652267825
2012.0,116.0,11.122949999999999,0.46008741660915636,-10.395248380129592
2012.0,116.0,11.706799999999999,0.27285129604365604,1.2030237580993521
2012.0,116.0,12.133500000000002,4.5871559633027905,1081.645788336933
2012.0,116.0,12.2103,1.8181818181818277,10.706263498920087
2012.0,116.0,13.425550000000001,0.086188321482439101,10.706263498920087
2012.0,116.0,14.63555,2.0100502512563012,-268.77537796976247
2012.0,116.0,14.749199999999998,2.949852507374628,-301.45356371490283
2012.0,116.0,14.9053,0.8183306055646461,-20.935205183585314
2012.0,116.0,15.345549999999999,0.31441597233139407,-7.2203023758099363
2012.0,116.0,15.9025,0.41858518208455403,17.034557235421168
2012.0,116.0,17.883050000000001,0.057416817385812308,65.544276457883385
2012.0,116.0,20.0975,0.2115059221658209,57.099352051835858
2012.0,116.0,20.926099999999998,0.28105677346824032,67.660907127429809
2012.0,116.0,22.226800000000001,0.10583130489998936,28.632829373650111
2012.0,116.0,23.3399,0.59453032104637771,0.0
0,0,0,0,0
0,0,0,0,0
2012.0,119.0,1.9706999999999999,0.85034013605442238,75.025917926565882
2012.0,119.0,2.1503000000000001,2.5706940874036035,64.485961123110158
2012.0,119.0,2.4230499999999999,0.47996160307175423,59.215982721382304
2012.0,119.0,2.8762500000000002,0.40841331427404531,51.829373650107996
2012.0,119.0,3.3250000000000002,0.49043648847474264,47.617710583153354
2012.0,119.0,3.6303000000000001,0.98619329388560228,53.946004319654428
2012.0,119.0,3.9392999999999998,0.48169556840077121,70.814254859611239
2012.0,119.0,4.2695499999999997,0.81532816958825838,91.915766738660921
2012.0,119.0,4.4148499999999995,4.4150110375275826,27.574514038876888
2012.0,119.0,4.5926499999999999,0.74321813452248264,12.822894168466526
2012.0,119.0,4.8653999999999993,0.72358900144717864,14.917926565874733
2012.0,119.0,5.12195,0.84495141529361784,19.151187904967603
2012.0,119.0,5.2748500000000007,2.8943560057887239,9.6479481641468698
2012.0,119.0,5.4566499999999998,0.67911714770797915,-4.0669546436285096
2012.0,119.0,5.7966499999999996,0.51880674448767905,-12.4902807775378
2012.0,119.0,6.1170499999999999,0.78339208773991365,-28.321814254859614
2012.0,119.0,6.2720500000000001,3.6563071297988756,-32.53347732181426
2012.0,119.0,6.6989999999999998,0.25025025025025027,1.2030237580993521
2012.0,119.0,7.8188999999999993,0.13883104262113019,-0.89200863930885532
2012.0,119.0,8.6950000000000003,0.64184852374839474,-5.1036717062634986
2012.0,119.0,9.0776000000000003,0.4409171075837745,-24.088552915766737
2012.0,119.0,9.5587499999999999,0.39315903282877845,-24.088552915766737
2012.0,119.0,9.9557000000000002,0.70126227208976244,-27.263498920086398
2012.0,119.0,10.28955,0.52287581699346364,-30.416846652267825
2012.0,119.0,10.5222,2.4154589371981006,-30.416846652267825
2012.0,119.0,10.617899999999999,1.8416206261509975,-19.876889848812098
2012.0,119.0,10.77345,3.8095238095237942,-17.76025917926566
2012.0,119.0,10.831949999999999,3.1007751937984178,-24.088552915766737
2012.0,119.0,10.8918,3.7313432835821296,-17.76025917926566
2012.0,119.0,10.965250000000001,2.1436227224008335,-16.723542116630671
2012.0,119.0,11.157500000000001,0.68681318681318704,-18.818574514038879
2012.0,119.0,11.3992,1.0405827263267446,-8.2786177105831555
2012.0,119.0,11.77835,0.35329447094152949,-0.89200863930885532
2012.0,119.0,12.182400000000001,0.86430423509075593,-1.9503239740820735
2012.0,119.0,12.370000000000001,1.3908205841446397,-4.0669546436285096
2012.0,119.0,12.5418,1.0010010010010022,-5.1036717062634986
2012.0,119.0,12.858650000000001,0.46093569946992452,1.2030237580993521
2012.0,119.0,13.30125,0.44913541432742016,5.4362850971922256
2012.0,119.0,14.18915,0.15031942878617055,7.5313174946004322
2012.0,119.0,14.950099999999999,1.0449320794148391,4.907127429805616
2012.0,119.0,15.512599999999999,0.21422450728363321,3.3196544276457889
2012.0,119.0,16.021899999999999,2.3529411764706141,1.2030237580993521
2012.0,119.0,16.4511,0.25859839668993978,-13.548596112311015
2012.0,119.0,17.179850000000002,0.29235491887151122,-40.97840172786178
2012.0,119.0,17.56345,2.4067388688326816,-10.395248380129592
2012.0,119.0,18.677799999999998,0.093214019388516117,8.5896328293736506
2012.0,119.0,20.016399999999997,0.37622272385252004,-37.803455723542122
2012.0,119.0,20.568449999999999,0.3493449781659379,-45.190064794816422
2012.0,119.0,20.978050000000003,0.81070125658694581,-55.730021598272138
2012.0,119.0,21.4603,0.27862914460852728,-59.963282937365015
2012.0,119.0,21.920250000000003,1.493651979088866,-49.401727861771064
2012.0,119.0,22.029850000000003,2.3446658851113678,-57.84665226781857
2012.0,119.0,22.159600000000001,1.1481056257175726,-58.904967602591789
2012.0,119.0,22.270699999999998,4.1666666666668171,-55.730021598272138
2012.0,119.0,22.418050000000001,0.81070125658694581,-61.0
2012.0,119.0,22.585999999999999,2.2421524663676697,-62.058315334773219
2012.0,119.0,22.690850000000001,2.1436227224008744,-64.174946004319665
2012.0,119.0,22.7654,4.0650406504065852,-96.874730021598282
2012.0,119.0,22.849049999999998,1.6934801016087793,-79.984881209503243
2012.0,119.0,22.99905,1.0995052226498148,-66.291576673866089
2012.0,119.0,23.14875,2.2002200220022545,-54.671706263498933
2012.0,119.0,23.265700000000002,2.6737967914438592,-56.788336933045358
2012.0,119.0,23.359450000000002,1.7746228926353111,-66.291576673866089
2012.0,119.0,23.4543,2.5974025974026591,-38.861771058315341
2012.0,119.0,23.547249999999998,1.8365472910927121,-33.591792656587479
2012.0,119.0,23.645850000000003,2.2650056625141497,-47.306695464362853
2012.0,119.0,23.825700000000001,0.88809946714031596,0.0
0,0,0,0,0
0,0,0,0,0
0,0,0,0,0
0,0,0,0,0
0,0,0,0,0
2012.0,125.0,0.17929999999999999,1.7271157167530224,24.421166306695469
2012.0,125.0,0.39795000000000003,1.3559322033898304,21.246220302375811
2012.0,125.0,0.52069999999999994,2.1367521367521367,15.976241900647951
2012.0,125.0,0.71655000000000002,4.7058823529411784,27.574514038876888
2012.0,125.0,0.77954999999999997,4.024144869215295,31.786177105831534
2012.0,125.0,0.88024999999999998,4.7961630695443693,27.574514038876888
2012.0,125.0,0.99085000000000001,4.3956043956043862,9.6479481641468698
2012.0,125.0,1.0969500000000001,1.7316017316017294,18.092872570194384
2012.0,125.0,1.3729,4.5248868778280524,19.151187904967603
2012.0,125.0,1.44225,3.710575139146564,17.034557235421168
2012.0,125.0,1.5103,2.4999999999999978,4.3779697624190073
2012.0,125.0,1.6647000000000001,1.2077294685990341,1.2030237580993521
2012.0,125.0,1.7875000000000001,3.1545741324921188,-6.1619870410367179
2012.0,125.0,1.9157,2.9411764705882328,-10.395248380129592
2012.0,125.0,2.0501499999999999,0.99552015928322624,-10.395248380129592
2012.0,125.0,2.19875,3.7243947858472946,-16.723542116630671
2012.0,125.0,2.294,1.4903129657228034,-11.43196544276458
2012.0,125.0,2.4712499999999999,1.1229646266142637,-8.2786177105831555
2012.0,125.0,2.5846,4.1152263374485241,7.5313174946004322
2012.0,125.0,2.7437499999999999,1.4154281670205218,27.574514038876888
2012.0,125.0,2.8491999999999997,3.0769230769230798,31.786177105831534
2012.0,125.0,2.9248500000000002,2.8694404591104696,29.691144708423323
2012.0,125.0,2.9870999999999999,4.1152263374485623,26.516198704103676
2012.0,125.0,3.0412499999999998,4.6403712296983377,31.786177105831534
2012.0,125.0,3.1865000000000001,0.81366965012205039,39.172786177105834
2012.0,125.0,3.3411,3.1545741324921299,31.786177105831534
2012.0,125.0,3.4459999999999997,2.0876826722338184,18.092872570194384
2012.0,125.0,3.5164,4.9261083743842402,8.5896328293736506
2012.0,125.0,3.6471,3.0120481927710938,11.764578833693307
2012.0,125.0,3.71915,4.555808656036465,20.187904967602591
2012.0,125.0,3.8017000000000003,2.5906735751295358,21.246220302375811
2012.0,125.0,3.8912500000000003,2.4906600249066062,17.034557235421168
2012.0,125.0,3.9943499999999998,2.0512820512820578,19.151187904967603
2012.0,125.0,4.1234500000000001,2.0387359836901013,17.034557235421168
2012.0,125.0,4.2575000000000003,1.2406947890818858,17.034557235421168
2012.0,125.0,4.36585,3.6036036036035828,19.151187904967603
2012.0,125.0,4.4194499999999994,3.8684719535783807,27.574514038876888
2012.0,125.0,4.52475,1.4695077149154949,27.574514038876888
2012.0,125.0,4.6349,4.8309178743962011,23.362850971922249
2012.0,125.0,4.7210000000000001,4.8309178743962011,22.30453563714903
2012.0,125.0,4.8188499999999994,4.3383947939262448,21.246220302375811
2012.0,125.0,4.9010999999999996,4.7393364928909687,21.246220302375811
2012.0,125.0,4.9863499999999998,4.555808656036465,25.479481641468688
2012.0,125.0,5.0654000000000003,1.8315018315018248,17.034557235421168
2012.0,125.0,5.1672000000000002,2.1186440677966045,20.187904967602591
2012.0,125.0,5.2606999999999999,2.2573363431151354,24.421166306695469
2012.0,125.0,5.3511500000000005,2.1953896816684972,25.479481641468688
2012.0,125.0,5.4408500000000002,2.2650056625141497,23.362850971922249
2012.0,125.0,5.5488999999999997,1.5649452269170618,22.30453563714903
2012.0,125.0,5.6805500000000002,3.8684719535783141,26.516198704103676
2012.0,125.0,5.7443,2.695417789757435,31.786177105831534
2012.0,125.0,5.8573500000000003,1.8231540565177737,24.421166306695469
2012.0,125.0,5.9425000000000008,3.3003300330033012,17.034557235421168
2012.0,125.0,6.0535999999999994,1.8939393939393956,20.187904967602591
2012.0,125.0,6.2113999999999994,2.3094688221709063,20.187904967602591
2012.0,125.0,6.3543000000000003,4.3668122270742513,29.691144708423323
2012.0,125.0,6.4112499999999999,2.93685756240825,32.844492440604753
2012.0,125.0,6.4900000000000002,2.2371364653243755,50.771058315334777
2012.0,125.0,6.5922000000000001,1.7391304347826055,56.062634989200873
2012.0,125.0,6.6720500000000005,4.4742729306487963,47.617710583153354
2012.0,125.0,6.8194499999999998,1.0712372790573108,41.289416846652266
2012.0,125.0,7.0237499999999997,1.4914243102162554,40.231101511879054
2012.0,125.0,7.1406999999999998,2.0040080160320621,50.771058315334777
2012.0,125.0,7.3062500000000004,0.86467790747946371,36.019438444924411
2012.0,125.0,7.5094499999999993,1.1799410029498512,27.574514038876888
2012.0,125.0,7.6659500000000005,1.7021276595744594,30.749460043196546
2012.0,125.0,7.7614000000000001,2.7247956403269953,26.516198704103676
2012.0,125.0,7.8555999999999999,1.7391304347826055,45.501079913606915
2012.0,125.0,8.1090499999999999,0.51033426894616019,30.749460043196546
2012.0,125.0,8.3513999999999999,2.2371364653243533,31.786177105831534
2012.0,125.0,8.4360999999999997,3.8759689922480223,15.976241900647951
2012.0,125.0,8.5562499999999986,3.0911901081916442,17.034557235421168
2012.0,125.0,8.6622000000000003,1.7301038062283649,36.019438444924411
2012.0,125.0,9.0641499999999997,0.32965221691115876,39.172786177105834
2012.0,125.0,9.4082000000000008,2.8490028490028565,27.574514038876888
2012.0,125.0,9.5546000000000006,1.0449320794148391,30.749460043196546
2012.0,125.0,9.676400000000001,3.8314176245210061,24.421166306695469
2012.0,125.0,9.7749999999999986,4.1841004184099972,27.574514038876888
2012.0,125.0,9.8292999999999999,3.2894736842105043,18.092872570194384
2012.0,125.0,9.8851499999999994,3.9292730844793415,27.574514038876888
2012.0,125.0,9.9368499999999997,3.8095238095237942,34.961123110151185
2012.0,125.0,9.9900000000000002,3.9525691699605283,31.786177105831534
2012.0,125.0,10.051550000000001,2.8449502133712827,42.347732181425492
2012.0,125.0,10.269449999999999,0.54719562243502196,38.114470842332615
2012.0,125.0,10.721250000000001,1.5163002274450352,63.427645788336946
2012.0,125.0,10.8636,2.5188916876574408,67.660907127429809
2012.0,125.0,10.950949999999999,2.0986358866736636,37.077753779697623
2012.0,125.0,11.29335,0.33927056827820129,33.902807775377973
2012.0,125.0,12.3842,0.12561236025624922,14.917926565874733
2012.0,125.0,13.271000000000001,1.1025358324145536,30.749460043196546
2012.0,125.0,13.47485,1.2928248222366014,27.574514038876888
2012.0,125.0,13.60915,1.7559262510974385,27.574514038876888
2012.0,125.0,13.693200000000001,3.6900369003690172,13.859611231101514
2012.0,125.0,13.78875,1.4609203798392916,41.289416846652266
2012.0,125.0,13.970800000000001,0.88028169014084567,44.442764578833696
2012.0,125.0,14.522349999999999,0.23231501916598934,44.442764578833696
2012.0,125.0,15.304449999999999,0.28437366699843575,9.6479481641468698
2012.0,125.0,16.108450000000001,0.22106775726760253,17.034557235421168
2012.0,125.0,16.868200000000002,0.32530904359141244,43.406047516198704
2012.0,125.0,17.372799999999998,0.50709939148072902,34.961123110151185
2012.0,125.0,17.590400000000002,4.9019607843136255,60.274298056155523
2012.0,125.0,17.758499999999998,0.68634179821551267,73.989200863930904
2012.0,125.0,17.952950000000001,2.0512820512820484,8.5896328293736506
2012.0,125.0,18.184200000000001,0.54794520547944914,32.844492440604753
2012.0,125.0,18.482800000000001,0.86132644272179582,45.501079913606915
2012.0,125.0,18.7561,0.6361323155216303,61.332613390928735
2012.0,125.0,19.572499999999998,0.15169902912621355,85.58747300215984
2012.0,125.0,20.550699999999999,0.3134796238244506,91.915766738660921
2012.0,125.0,20.894300000000001,4.0650406504065852,103.51403887688987
2012.0,125.0,21.00695,1.5515903801396242,102.45572354211664
2012.0,125.0,21.496400000000001,0.23529411764705943,124.5939524838013
2012.0,125.0,22.107900000000001,0.53619302949061509,109.84233261339094
2012.0,125.0,22.404150000000001,0.91116173120728927,125.65226781857453
2012.0,125.0,22.77835,0.37814331631688403,101.39740820734342
2012.0,125.0,23.332650000000001,0.36866359447004582,0.0
0,0,0,0,0
2012.0,127.0,2.4118500000000003,0.26755852842809363,22.30453563714903
2012.0,127.0,2.8572000000000002,1.457725947521866,22.30453563714903
2012.0,127.0,2.9848499999999998,1.6934801016088112,21.246220302375811
2012.0,127.0,3.1458499999999998,0.98087297694948528,21.246220302375811
2012.0,127.0,3.7334999999999998,0.20588840848260243,22.30453563714903
2012.0,127.0,4.2395999999999994,4.9019607843137321,7.5313174946004322
2012.0,127.0,4.2883499999999994,3.5273368606701823,5.4362850971922256
2012.0,127.0,4.3712499999999999,1.8331805682859805,8.5896328293736506
2012.0,127.0,4.5110999999999999,1.1723329425556839,18.092872570194384
2012.0,127.0,4.6537500000000005,1.7436791630340014,27.574514038876888
2012.0,127.0,4.7618,2.0618556701031028,32.31533477321814
2012.0,127.0,4.9768000000000008,0.76863950807071424,36.019438444924411
2012.0,127.0,5.7912499999999998,0.14612405932636813,32.844492440604753
2012.0,127.0,7.1326499999999999,0.1521954189178906,49.734341252699792
2012.0,127.0,9.3186,0.065406501406239784,32.844492440604753
2012.0,127.0,12.89405,0.048862720187632852,32.844492440604753
2012.0,127.0,15.4475,0.19727756954034331,0.0
0,0,0,0,0
2012.0,129.0,9.6218000000000004,0.018258837277242188,70.814254859611239
2012.0,129.0,15.47485,0.26578073089700954,76.084233261339108
2012.0,129.0,16.1965,0.28951939779965358,97.185745140388789
2012.0,129.0,18.685949999999998,0.046640703341806394,100.33909287257021
2012.0,129.0,21.728200000000001,0.11133377866844789,95.069114470842337
2012.0,129.0,22.973599999999998,0.28801843317972431,84.529157667386613
2012.0,129.0,23.488999999999997,0.59453032104637138,0.0
0,0,0,0,0
2012.0,131.0,0.33460000000000001,0.33411293017039762,5.4362850971922256
2012.0,131.0,0.77570000000000006,0.70521861777150929,-1.9503239740820735
2012.0,131.0,1.1409500000000001,0.44752741105392702,11.764578833693307
2012.0,131.0,2.7450999999999999,0.072427029767509241,10.706263498920087
2012.0,131.0,4.3088499999999996,0.54629882545752484,-15.665226781857452
2012.0,131.0,4.6977500000000001,0.48579062424095248,-6.1619870410367179
2012.0,131.0,4.9833499999999997,1.2539184952978024,12.822894168466526
2012.0,131.0,9.6984999999999992,0.021573111274107954,50.771058315334777
2012.0,131.0,14.369299999999999,2.8248587570621391,917.671706263499
2012.0,131.0,14.444700000000001,2.4999999999999978,316.53779697624191
2012.0,131.0,14.585150000000001,0.99552015928322191,1.2030237580993521
2012.0,131.0,14.818350000000001,0.75329566854990759,2.2613390928725705
2012.0,131.0,15.068899999999999,0.84889643463497522,-40.97840172786178
2012.0,131.0,15.318049999999999,0.76132470498667515,0.0
0,0,0,0,0
0,0,0,0,0
0,0,0,0,0
0,0,0,0,0
0,0,0,0,0
0,0,0,0,0
0,0,0,0,0
0,0,0,0,0
0,0,0,0,0
0,0,0,0,0
0,0,0,0,0
0,0,0,0,0
0,0,0,0,0
0,0,0,0,0
0,0,0,0,0
0,0,0,0,0
0,0,0,0,0
0,0,0,0,0
0,0,0,0,0
0,0,0,0,0
0,0,0,0,0
0,0,0,0,0
0,0,0,0,0
0,0,0,0,0
0,0,0,0,0
2012.0,159.0,7.8753000000000002,0.035300762496469927,30.749460043196546
2012.0,159.0,11.483499999999999,0.12896569512509667,30.749460043196546
2012.0,159.0,12.363050000000001,0.96015362457993525,-35.68682505399569
2012.0,159.0,12.679300000000001,0.47147571900047064,-48.343412526997845
2012.0,159.0,13.133500000000002,0.41305245766212351,-36.745140388768903
2012.0,159.0,13.485150000000001,0.91282519397535722,-68.386609071274293
2012.0,159.0,13.661099999999999,1.5060240963855469,-121.12958963282937
2012.0,159.0,13.783049999999999,1.8001800180017935,-133.78617710583154
2012.0,159.0,13.90025,1.6220600162205949,-110.56803455723544
2012.0,159.0,14.042200000000001,1.2453300124532962,-170.67602591792658
2012.0,159.0,14.1968,1.3458950201884248,-137.46868250539958
2012.0,159.0,14.34305,1.3898540653231548,-73.656587473002162
2012.0,159.0,14.5222,0.93283582089551698,-79.984881209503243
2012.0,159.0,14.72315,1.0666666666666667,-84.21814254859612
2012.0,159.0,14.895800000000001,1.2674271229404315,-68.386609071274293
2012.0,159.0,15.0672,1.0810810810810783,-43.073434125269991
2012.0,159.0,15.70275,0.18414510634379921,-4.0669546436285096
2012.0,159.0,16.34205,1.0389610389610253,-48.343412526997845
2012.0,159.0,16.469450000000002,3.2102728731943806,-148.00863930885529
2012.0,159.0,16.63335,0.75329566854989749,0.0
0,0,0,0,0
0,0,0,0,0
0,0,0,0,0
2012.0,163.0,0.34095000000000003,0.49763622791739237,-24.088552915766737
2012.0,163.0,0.68454999999999999,0.70101647388713639,-47.306695464362853
2012.0,163.0,0.86109999999999998,2.9498525073746329,-26.205183585313176
2012.0,163.0,0.94415000000000004,2.4660912453760773,-20.935205183585314
2012.0,163.0,1.0054000000000001,4.8309178743961363,-46.248380129589641
2012.0,163.0,1.05165,3.913894324853235,-61.0
2012.0,163.0,1.1158000000000001,2.5906735751295287,-59.963282937365015
2012.0,163.0,1.2246999999999999,1.4224751066856347,-28.321814254859614
2012.0,163.0,1.3260999999999998,3.2154340836012847,-21.99352051835853
2012.0,163.0,1.4331999999999998,2.695417789757411,-21.99352051835853
2012.0,163.0,1.546,1.3717421124828539,-39.92008639308856
2012.0,163.0,1.6851500000000001,2.735978112175105,-152.74946004319656
2012.0,163.0,1.9108499999999999,2.5542784163473806,-131.66954643628512
2012.0,163.0,1.9992999999999999,2.0283975659229205,-88.429805615550762
2012.0,163.0,2.1239999999999997,1.3262599469496037,-112.68466522678187
2012.0,163.0,2.2198500000000001,4.8899755501222311,-78.926565874730031
2012.0,163.0,2.3180499999999999,1.2861736334405147,-62.058315334773219
2012.0,163.0,2.5215000000000001,0.99601593625497964,-64.174946004319665
2012.0,163.0,2.6852499999999999,1.5785319652722964,-73.656587473002162
2012.0,163.0,2.77,4.6728971962617125,-52.576673866090722
2012.0,163.0,2.8599999999999999,1.457725947521866,-42.015118790496764
2012.0,163.0,3.0196000000000001,1.1160714285714299,-58.904967602591789
2012.0,163.0,3.1943000000000001,1.1750881316098714,-45.190064794816422
2012.0,163.0,3.3014999999999999,4.5248868778280524,-52.576673866090722
2012.0,163.0,3.4076499999999998,1.1897679952409286,-76.831533477321813
2012.0,163.0,3.5662500000000001,1.7196904557179731,-54.671706263498933
2012.0,163.0,3.6626000000000003,2.6178010471204183,-40.97840172786178
2012.0,163.0,3.7232000000000003,4.4642857142857197,-30.416846652267825
2012.0,163.0,3.8132000000000001,3.1446540880503098,-49.401727861771064
2012.0,163.0,3.9717000000000002,2.1691973969631224,-160.66522678185748
2012.0,163.0,4.0792000000000002,1.6286644951140092,-221.30237580993526
2012.0,163.0,4.2214999999999998,2.2421524663677146,-199.16414686825055
2012.0,163.0,4.2949999999999999,3.4602076124567298,-152.74946004319656
2012.0,163.0,4.4133499999999994,1.1179429849077722,-88.429805615550762
2012.0,163.0,4.5801499999999997,1.2928248222365866,-82.101511879049681
2012.0,163.0,4.7180499999999999,1.651527663088354,-74.714902807775374
2012.0,163.0,4.8194499999999998,2.4844720496894475,-68.386609071274293
2012.0,163.0,4.9734499999999997,0.879120879120879,-81.043196544276469
2012.0,163.0,5.1355500000000003,2.0682523267838628,-21.99352051835853
2012.0,163.0,5.2251499999999993,2.7816411682892794,37.077753779697623
2012.0,163.0,5.3130500000000005,3.1298904538341454,32.844492440604753
2012.0,163.0,5.4209999999999994,3.5842293906809708,-24.088552915766737
2012.0,163.0,5.5005500000000005,1.9361084220716371,-37.803455723542122
2012.0,163.0,5.5975000000000001,2.4999999999999978,-65.233261339092877
2012.0,163.0,5.6889000000000003,1.9880715705765404,-63.116630669546439
2012.0,163.0,5.8283500000000004,1.7652250661959443,-58.904967602591789
2012.0,163.0,5.9299999999999997,2.2222222222222259,-58.904967602591789
2012.0,163.0,6.0333500000000004,1.7137960582690559,-81.572354211663082
2012.0,163.0,6.1591500000000003,3.3613445378151328,-91.583153347732178
2012.0,163.0,6.2343000000000002,2.202643171806173,-95.816414686825055
2012.0,163.0,6.3384499999999999,1.7021276595744723,-77.889848812095039
2012.0,163.0,6.4737499999999999,1.3063357282821666,-100.55723542116631
2012.0,163.0,6.6205499999999997,1.423487544483983,-53.105831533477328
2012.0,163.0,6.7505500000000005,4.3383947939262448,-115.83801295896329
2012.0,163.0,6.9730500000000006,0.88456435205661321,-68.386609071274293
2012.0,163.0,7.1082000000000001,4.5248868778280524,-115.83801295896329
2012.0,163.0,7.15625,3.8535645472061781,-68.386609071274293
2012.0,163.0,7.2452500000000004,1.586042823156224,-55.730021598272138
2012.0,163.0,7.3744499999999995,1.5117157974300848,-46.248380129589641
2012.0,163.0,7.5337499999999995,1.6792611251049478,-61.0
2012.0,163.0,7.6366499999999995,2.306805074971177,-57.84665226781857
2012.0,163.0,7.7746999999999993,1.0559662090813093,-62.058315334773219
2012.0,163.0,7.9562499999999998,1.9940179461615366,-106.35637149028078
2012.0,163.0,8.0449999999999999,3.9062499999998885,-131.66954643628512
2012.0,163.0,8.2283499999999989,1.2944983818770184,-152.74946004319656
2012.0,163.0,8.3293499999999998,4.2105263157895241,-165.40604751619873
2012.0,163.0,8.4347500000000011,1.8001800180018221,-201.28077753779701
2012.0,163.0,8.5819499999999991,1.8957345971563795,-240.28725701943847
2012.0,163.0,8.65625,4.6403712296984807,-156.98272138228941
2012.0,163.0,8.7047500000000007,3.7105751391465334,-230.80561555075602
2012.0,163.0,8.8724999999999987,1.3850415512465453,-212.87904967602594
2012.0,163.0,9.0235999999999983,2.450980392156866,-193.36501079913609
2012.0,163.0,9.1233499999999985,1.713796058269069,-117.95464362850973
2012.0,163.0,9.2861000000000011,0.99999999999999478,-76.302375809935199
2012.0,163.0,9.4641500000000001,1.2812299807815621,-123.22462203023758
2012.0,163.0,9.5814999999999984,2.5445292620865212,-98.969762419006486
2012.0,163.0,9.7000999999999991,3.8910505836576466,-346.80993520518365
2012.0,163.0,9.7606999999999999,2.8653295128939522,2.2613390928725705
2012.0,163.0,9.8181000000000012,4.4444444444444517,51.829373650107996
2012.0,163.0,9.8722500000000011,3.1595576619273347,-36.745140388768903
2012.0,163.0,9.9353999999999996,4.1152263374485241,-161.72354211663068
2012.0,163.0,10.0543,2.9850746268656643,-136.93952483801297
2012.0,163.0,10.168199999999999,1.2437810945273629,4.3779697624190073
2012.0,163.0,10.286950000000001,3.0257186081694178,-25.146868250539956
2012.0,163.0,10.39485,1.3360053440213826,32.844492440604753
2012.0,163.0,10.579149999999998,0.91365920511649301,-25.146868250539956
2012.0,163.0,10.895949999999999,1.4781966001478297,-29.380129589632833
2012.0,163.0,10.99025,3.7523452157598411,-10.395248380129592
2012.0,163.0,11.294549999999999,0.48227634434531008,-8.2786177105831555
2012.0,163.0,11.5525,2.1929824561403364,-50.460043196544284
2012.0,163.0,11.64405,2.1762785636561723,-56.788336933045358
2012.0,163.0,11.75055,2.0222446916076757,-40.97840172786178
2012.0,163.0,11.87205,1.9102196752626348,0.16630669546436283
2012.0,163.0,12.06615,0.98087297694948095,-26.205183585313176
2012.0,163.0,12.274750000000001,1.2040939193257194,-19.876889848812098
2012.0,163.0,12.37975,4.5558086560363726,-8.2786177105831555
2012.0,163.0,12.5075,0.94966761633428554,1.2030237580993521
2012.0,163.0,12.701550000000001,1.1267605633802804,13.859611231101514
2012.0,163.0,12.9518,0.61919504643962775,13.859611231101514
2012.0,163.0,13.231950000000001,1.2084592145015125,17.034557235421168
2012.0,163.0,13.3497,2.8571428571428457,19.151187904967603
2012.0,163.0,13.415800000000001,3.215434083601342,14.917926565874733
2012.0,163.0,13.531499999999999,1.1820330969267139,15.976241900647951
2012.0,163.0,13.667899999999999,1.930501930501928,17.034557235421168
2012.0,163.0,13.904299999999999,0.54171180931744156,22.30453563714903
2012.0,163.0,14.1218,3.0395136778115774,19.151187904967603
2012.0,163.0,14.2057,1.9607843137254843,21.246220302375811
2012.0,163.0,14.337400000000001,1.2391573729863661,14.917926565874733
2012.0,163.0,14.663499999999999,0.40749796251018883,15.976241900647951
2012.0,163.0,15.160699999999999,0.39714058776806954,13.859611231101514
2012.0,163.0,15.521650000000001,0.91617040769582703,2.2613390928725705
2012.0,163.0,15.65485,4.1580041580041751,0.16630669546436283
2012.0,163.0,15.71485,2.7816411682893136,9.6479481641468698
2012.0,163.0,15.82845,1.2878300064391466,17.034557235421168
2012.0,163.0,16.048200000000001,0.83402835696414068,8.5896328293736506
2012.0,163.0,16.4039,0.4938271604938258,9.6479481641468698
2012.0,163.0,16.6479,2.4096385542169139,5.4362850971922256
2012.0,163.0,16.777950000000001,2.1621621621621356,-1.9503239740820735
2012.0,163.0,17.028750000000002,0.48887802493278087,5.4362850971922256
2012.0,163.0,17.315950000000001,1.8231540565177737,9.6479481641468698
2012.0,163.0,17.472200000000001,0.98619329388560228,6.494600431965444
2012.0,163.0,17.659700000000001,1.1614401858304289,2.2613390928725705
2012.0,163.0,17.815550000000002,1.7652250661959581,4.3779697624190073
2012.0,163.0,17.923200000000001,1.9607843137254843,2.2613390928725705
2012.0,163.0,18.048349999999999,1.3486176668914456,8.5896328293736506
2012.0,163.0,18.156799999999997,2.915451895043732,9.6479481641468698
2012.0,163.0,18.533899999999999,0.29171528588097978,7.5313174946004322
2012.0,163.0,18.943750000000001,1.6849199663015941,17.034557235421168
2012.0,163.0,19.1007,1.0245901639344273,17.563714902807774
2012.0,163.0,19.26735,1.4482259232440111,1.2030237580993521
2012.0,163.0,19.405000000000001,1.457725947521866,-0.89200863930885532
2012.0,163.0,19.590949999999999,0.85215168299957345,4.3779697624190073
2012.0,163.0,19.759999999999998,1.9342359767892237,4.3779697624190073
2012.0,163.0,19.845300000000002,2.9761904761903319,0.16630669546436283
2012.0,163.0,19.996949999999998,0.84709868699704649,4.3779697624190073
2012.0,163.0,20.205300000000001,1.1074197120708635,9.6479481641468698
2012.0,163.0,20.32,4.098360655737709,14.917926565874733
2012.0,163.0,20.403849999999998,1.6820857863751051,18.092872570194384
2012.0,163.0,20.504550000000002,2.4242424242424367,10.706263498920087
2012.0,163.0,20.59375,2.0855057351407646,3.3196544276457889
2012.0,163.0,20.745699999999999,1.0857763300760011,-12.4902807775378
2012.0,163.0,20.907499999999999,1.434720229555253,0.16630669546436283
2012.0,163.0,21.03125,1.8501387604070254,13.859611231101514
2012.0,163.0,21.17765,1.0828370330265329,10.706263498920087
2012.0,163.0,21.311399999999999,2.4154589371981006,1.2030237580993521
2012.0,163.0,21.386400000000002,2.9761904761903319,-21.99352051835853
2012.0,163.0,21.456949999999999,3.2102728731941976,-19.876889848812098
2012.0,163.0,21.631149999999998,0.69905627403005666,-7.2203023758099363
2012.0,163.0,21.838050000000003,1.7746228926353111,7.5313174946004322
2012.0,163.0,21.942900000000002,2.0618556701031405,37.077753779697623
2012.0,163.0,22.136800000000001,0.976562500000006,-9.336933045356373
2012.0,163.0,22.388349999999999,0.84709868699703372,-32.53347732181426
2012.0,163.0,22.722900000000003,2.0746887966805163,-26.205183585313176
2012.0,163.0,22.794600000000003,4.8309178743962011,-7.2203023758099363
2012.0,163.0,22.879300000000001,1.972386587771239,9.6479481641468698
2012.0,163.0,23.014150000000001,2.1436227224008744,-23.051835853131749
2012.0,163.0,23.12125,2.1344717182497712,-43.073434125269991
2012.0,163.0,23.2606,1.7391304347825787,-52.576673866090722
2012.0,163.0,23.38655,1.4609203798393293,-20.935205183585314
2012.0,163.0,23.512799999999999,1.7301038062283649,-4.0669546436285096
2012.0,163.0,23.6114,2.4509803921568127,3.3196544276457889
2012.0,163.0,23.714550000000003,1.603849238171603,0.16630669546436283
2012.0,163.0,23.79955,4.415011037527842,0.0
2012.0,164.0,0.11774999999999999,2.6281208935611038,-49.401727861771064
2012.0,164.0,0.23749999999999999,1.6666666666666667,-77.889848812095039
2012.0,164.0,0.34610000000000002,4.6082949308755765,-79.984881209503243
2012.0,164.0,0.43579999999999997,2.4330900243309004,-45.190064794816422
2012.0,164.0,0.50124999999999997,4.1067761806981551,-40.97840172786178
2012.0,164.0,0.54874999999999996,4.319654427645788,-48.343412526997845
2012.0,164.0,0.62844999999999995,1.7683465959328015,-47.306695464362853
2012.0,164.0,0.70640000000000003,4.6728971962616876,-50.460043196544284
2012.0,164.0,0.78695000000000004,4.7961630695443693,-88.958963282937361
2012.0,164.0,0.85489999999999999,3.2573289902280127,-131.66954643628512
2012.0,164.0,0.98819999999999997,2.5974025974025992,-119.01295896328295
2012.0,164.0,1.1067,1.2499999999999989,-73.656587473002162
2012.0,164.0,1.2580499999999999,2.1299254526091618,-13.548596112311015
2012.0,164.0,1.32765,4.4150110375275826,-3.0086393088552916
2012.0,164.0,1.4281999999999999,2.2421524663677088,6.494600431965444
2012.0,164.0,1.5282,1.8050541516245524,0.16630669546436283
2012.0,164.0,1.6129,3.4129692832764387,0.16630669546436283
2012.0,164.0,1.6872,2.2222222222222259,0.16630669546436283
2012.0,164.0,1.7759499999999999,2.2857142857142825,3.3196544276457889
2012.0,164.0,1.8587500000000001,2.5608194622279186,-3.0086393088552916
2012.0,164.0,1.9275,3.3670033670033606,0.16630669546436283
2012.0,164.0,1.9797000000000002,4.4444444444444295,1.2030237580993521
2012.0,164.0,2.0269500000000003,4.0404040404040691,-0.89200863930885532
2012.0,164.0,2.07945,3.6036036036035828,-1.9503239740820735
2012.0,164.0,2.1378000000000004,4.1841004184100363,0.16630669546436283
2012.0,164.0,2.1985000000000001,2.7173913043478302,1.2030237580993521
2012.0,164.0,2.2687499999999998,2.9895366218236195,6.494600431965444
2012.0,164.0,2.3521999999999998,1.9999999999999984,1.2030237580993521
2012.0,164.0,2.42265,4.8899755501222835,4.3779697624190073
2012.0,164.0,2.5324,1.9723865877712046,6.494600431965444
2012.0,164.0,2.63585,1.8957345971563955,5.4362850971922256
2012.0,164.0,2.7262500000000003,2.6560424966799498,6.494600431965444
2012.0,164.0,2.9597499999999997,0.63714558776680508,9.6479481641468698
2012.0,164.0,3.1683500000000002,1.9361084220716287,12.822894168466526
2012.0,164.0,3.29305,1.5661707126076752,11.764578833693307
2012.0,164.0,3.39595,2.560819462227911,11.764578833693307
2012.0,164.0,3.5004499999999998,3.3167495854062885,9.6479481641468698
2012.0,164.0,3.6237500000000002,1.0735373054213653,10.706263498920087
2012.0,164.0,3.7644000000000002,2.1052631578947327,15.976241900647951
2012.0,164.0,3.8769,1.5384615384615399,10.706263498920087
2012.0,164.0,4.0949999999999998,0.65316786414108419,5.4362850971922256
2012.0,164.0,4.2937500000000002,3.5523978685612638,-4.0669546436285096
2012.0,164.0,4.3491499999999998,3.6697247706422025,0.16630669546436283
2012.0,164.0,4.4843000000000002,1.210653753026631,-17.76025917926566
2012.0,164.0,4.6654499999999999,1.0828370330265329,19.151187904967603
2012.0,164.0,4.8276500000000002,1.8604651162790711,-24.088552915766737
2012.0,164.0,4.9251500000000004,2.2857142857142998,-72.59827213822895
2012.0,164.0,5.0199999999999996,4.5662100456620944,-39.92008639308856
2012.0,164.0,5.0634499999999996,4.6403712296983848,-71.561555075593944
2012.0,164.0,5.1391499999999999,1.8467220683287193,-144.32613390928728
2012.0,164.0,5.2807999999999993,1.1428571428571441,-7.2203023758099363
2012.0,164.0,5.4055499999999999,2.6845637583892454,-23.051835853131749
2012.0,164.0,5.4979500000000003,3.2000000000000002,-28.321814254859614
2012.0,164.0,5.6218000000000004,3.2258064516128888,-51.518358531317503
2012.0,164.0,5.6958500000000001,3.2414910858995092,-40.97840172786178
2012.0,164.0,5.7879500000000004,1.6326530612244952,-49.401727861771064
2012.0,164.0,5.9077500000000001,2.6075619295958057,-53.634989200863942
2012.0,164.0,6.0313999999999997,1.1723329425556899,-35.68682505399569
2012.0,164.0,6.1399999999999997,4.2918454935622545,-37.803455723542122
2012.0,164.0,6.2142999999999997,4.4642857142857633,-21.99352051835853
2012.0,164.0,6.3385999999999996,2.3529411764705892,-10.395248380129592
2012.0,164.0,6.4571000000000005,3.2573289902280185,-3.0086393088552916
2012.0,164.0,6.5539000000000005,2.4813895781637854,1.2030237580993521
2012.0,164.0,6.6259999999999994,3.1446540880503098,5.4362850971922256
2012.0,164.0,6.7297499999999992,3.5650623885918122,4.3779697624190073
2012.0,164.0,6.8793000000000006,1.1198208286674114,1.2030237580993521
2012.0,164.0,7.0708500000000001,0.9779951100244525,4.3779697624190073
2012.0,164.0,7.2622499999999999,1.1217049915872119,3.3196544276457889
2012.0,164.0,7.4373500000000003,1.1634671320535199,6.494600431965444
2012.0,164.0,7.5499999999999998,3.7453183520599329,8.5896328293736506
2012.0,164.0,7.6292,1.9047619047618971,4.3779697624190073
2012.0,164.0,7.8048500000000001,0.86021505376344121,8.5896328293736506
2012.0,164.0,8.0050000000000008,1.2722646310432535,11.764578833693307
2012.0,164.0,8.2511499999999991,0.7659900421294501,14.917926565874733
2012.0,164.0,8.4314,2.105263157894762,12.822894168466526
2012.0,164.0,8.5137500000000017,3.6968576709796648,12.822894168466526
2012.0,164.0,8.5768000000000004,2.7777777777778097,13.859611231101514
2012.0,164.0,8.6873499999999986,1.8604651162790711,13.859611231101514
2012.0,164.0,8.9794499999999999,0.5421523448088913,13.859611231101514
2012.0,164.0,9.2533500000000011,1.7652250661959303,5.4362850971922256
2012.0,164.0,9.4108499999999999,0.99157164105107154,4.3779697624190073
2012.0,164.0,9.6122000000000014,1.0976948408342486,13.859611231101514
2012.0,164.0,9.7639999999999993,1.647446457990122,21.246220302375811
2012.0,164.0,9.9901499999999999,0.60441220912662486,8.5896328293736506
2012.0,164.0,10.412649999999999,0.41025641025641119,15.976241900647951
2012.0,164.0,10.862500000000001,0.48520135856380359,6.494600431965444
2012.0,164.0,11.088750000000001,4.9627791563275157,11.764578833693307
2012.0,164.0,11.206250000000001,1.0272213662044214,-3.0086393088552916
2012.0,164.0,11.578050000000001,0.41762372102735335,32.844492440604753
2012.0,164.0,11.91905,0.98473658296406119,48.676025917926566
2012.0,164.0,12.0831,1.6000000000000001,48.676025917926566
2012.0,164.0,12.1953,2.0120724346076608,66.602591792656597
2012.0,164.0,12.448599999999999,0.4911591355599198,72.930885529157678
2012.0,164.0,12.9183,0.51652892561983477,42.347732181425492
2012.0,164.0,13.1418,3.3444816053512163,73.989200863930904
2012.0,164.0,13.4107,0.44923629829290229,50.771058315334777
2012.0,164.0,13.777200000000001,0.70871722182849162,69.755939524838027
2012.0,164.0,14.05705,0.72072072072072113,71.872570194384451
2012.0,164.0,14.237200000000001,2.4154589371980486,59.215982721382304
2012.0,164.0,14.491800000000001,0.46904315196998214,13.859611231101514
2012.0,164.0,14.925699999999999,0.45310376076121456,80.317494600431985
2012.0,164.0,15.2196,1.3661202185792363,78.200863930885532
2012.0,164.0,15.418050000000001,0.93501636278634603,73.989200863930904
2012.0,164.0,15.670400000000001,0.68775790921595825,39.172786177105834
2012.0,164.0,15.935449999999999,0.84997875053123495,22.30453563714903
2012.0,164.0,16.159750000000003,0.93764650726675935,64.485961123110158
2012.0,164.0,16.3368,2.3584905660376991,82.412526997840189
2012.0,164.0,16.410450000000001,3.2000000000000002,90.857451403887708
2012.0,164.0,16.463650000000001,4.5558086560363726,78.200863930885532
2012.0,164.0,16.73695,2.2909507445590171,60.274298056155523
2012.0,164.0,16.8596,1.2658227848101167,51.829373650107996
2012.0,164.0,17.110399999999998,0.58207217694994429,39.172786177105834
2012.0,164.0,17.3383,1.7825311942958779,64.485961123110158
2012.0,164.0,17.459850000000003,2.3446658851113678,67.660907127429809
2012.0,164.0,17.545549999999999,2.3228803716609057,62.390928725701954
2012.0,164.0,17.684000000000001,1.5290519877675761,44.442764578833696
2012.0,164.0,17.81945,1.7467248908297004,27.574514038876888
2012.0,164.0,17.9693,2.3584905660376991,21.246220302375811
2012.0,164.0,18.034750000000003,4.3383947939263283,21.246220302375811
2012.0,164.0,18.109549999999999,4.4742729306485289,18.092872570194384
2012.0,164.0,18.15775,3.8684719535785801,12.822894168466526
2012.0,164.0,18.229849999999999,2.1621621621621356,8.5896328293736506
2012.0,164.0,18.327199999999998,1.9569471624266175,-4.0669546436285096
2012.0,164.0,18.45195,2.9717682020801042,11.764578833693307
2012.0,164.0,18.612100000000002,0.79051383399209452,27.574514038876888
2012.0,164.0,18.851900000000001,1.2903225806451519,39.172786177105834
2012.0,164.0,18.951650000000001,4.9382716049380848,50.771058315334777
2012.0,164.0,19.07375,2.0986358866736246,60.274298056155523
2012.0,164.0,19.204149999999998,1.2084592145015254,56.062634989200873
2012.0,164.0,19.398200000000003,2.890173410404683,49.734341252699792
2012.0,164.0,19.45335,4.8661800486617848,43.406047516198704
2012.0,164.0,19.532499999999999,2.9761904761904896,31.786177105831534
2012.0,164.0,19.7318,0.95147478591817147,23.362850971922249
2012.0,164.0,19.974449999999997,0.96478533526290389,12.822894168466526
2012.0,164.0,20.250700000000002,0.57937427578215206,13.859611231101514
2012.0,164.0,20.505400000000002,1.2180267965895439,23.362850971922249
2012.0,164.0,20.7197,1.4224751066856414,20.187904967602591
2012.0,164.0,20.8614,4.8076923076920162,6.494600431965444
2012.0,164.0,20.955399999999997,2.0283975659228979,18.092872570194384
2012.0,164.0,21.106650000000002,1.3956734124214936,30.749460043196546
2012.0,164.0,21.242899999999999,1.5479876160990609,0.0
0,0,0,0,0
2012.0,166.0,2.87765,0.16601643562712712,38.114470842332615
2012.0,166.0,3.6821000000000002,0.49480455220188041,39.172786177105834
2012.0,166.0,4.1002999999999998,0.46274872744099965,41.289416846652266
2012.0,166.0,11.27665,0.014367300025142776,31.786177105831534
2012.0,166.0,18.331249999999997,1.0598834128245851,-97.393088552915771
2012.0,166.0,18.511150000000001,1.1689070718877907,-195.9892008639309
2012.0,166.0,18.71405,0.85215168299957345,-139.05615550755942
2012.0,166.0,18.890549999999998,1.6906170752324399,-377.3930885529158
2012.0,166.0,19.020150000000001,1.4194464158978153,-9.336933045356373
2012.0,166.0,19.193649999999998,0.97040271712759463,-47.306695464362853
2012.0,166.0,19.6068,0.32247662044501935,-46.248380129589641
2012.0,166.0,20.37595,0.21784119376974126,-53.634989200863942
2012.0,166.0,20.900400000000001,1.5290519877675761,-65.233261339092877
2012.0,166.0,21.17455,0.47904191616766828,-76.831533477321813
2012.0,166.0,21.4636,1.2453300124532825,-66.291576673866089
2012.0,166.0,21.703600000000002,0.62617407639324107,-97.911447084233259
2012.0,166.0,22.111249999999998,0.40330711837063726,-70.503239740820746
2012.0,166.0,22.780850000000001,0.23716352424997056,-72.59827213822895
2012.0,166.0,23.325000000000003,0.81632653061224159,0.0
0,0,0,0,0
0,0,0,0,0
0,0,0,0,0
0,0,0,0,0
0,0,0,0,0
0,0,0,0,0
0,0,0,0,0
0,0,0,0,0
0,0,0,0,0
0,0,0,0,0
0,0,0,0,0
0,0,0,0,0
0,0,0,0,0
0,0,0,0,0
0,0,0,0,0
0,0,0,0,0
0,0,0,0,0
0,0,0,0,0
0,0,0,0,0
