dec time,time,Sg,Sd,Su,Lu,Ld,Rn,G,Tdry,Twet,Tgrass,Tconc,Tsoil,Tsoil5,Tsoil10,Tsoil20,Tsoil30,Tsoil50,Tsoil100,Soil moist10,Soil moist30,Soil moist50,Soil moist100,Rain,U2,U2 N/A,U10,Dirn10,Ps,Pg,Sdur,?,?, , , , , , , , , , , , , , , , 
(hrs),(hhmm),(W/m^2),(W/m^2),(W/m^2),(W/m^2),(W/m^2),(W/m^2),(W/m^2),(deg C),(deg C),(deg C),(deg C),(deg C),(deg C),(deg C),(deg C),(deg C),(deg C),(deg C),(%),(%),(%),(%),(mm),(m/s),(m/s),(m/s),(deg),(hPa),(V/m),(hrs),(?),(?),( ),( ),( ),( ),( ),( ),( ),( ),( ),( ),( ),( ),( ),( ),( ),( )
0.083,5,-0.909,-2.2625,2.0304,-20.6424,1.692,-17.9462,-9.48717,999,999,17.29358,15.45196,-0.12062,42.01822,43.23282,43.5467,42.93566,41.68097,40.42609,-0.001,-0.001,-0.001,0,0.1,0.35964,999,-0.01998,0,-0.001,-0.001,0.003249,999,999,0,0,0,0,0,0,0,0,0,0,0,0,0,0,0,0
0.167,10,-1.818,0.4525,1.0152,-36.8856,-3.0456,-24.7128,-9.05982,999,999,17.30342,15.48172,-0.1305,41.99585,43.18798,43.52428,42.91324,41.68097,40.44856,-0.001,-0.001,-0.001,-0.001,0,0.23976,999,-0.01998,-0.144,-0.001,-0.001,0.003249,999,999,0,0,0,0,0,0,0,0,0,0,0,0,0,0,0,0
0.25,15,-0.909,-3.62,-0.6768,-50.4216,-7.4448,-34.2743,-8.37606,999,999,17.00822,15.2734,-0.12062,41.97348,43.16556,43.50186,42.93566,41.68097,40.42609,-0.001,-0.001,-0.001,-0.001,-0.04,0.35964,999,-0.01998,0.144,-0.001,-0.001,0.003249,999,999,0,0,0,0,0,-0.001,0,0,0,0,0,0,0,0,0,0
0.333,20,-3.1815,-0.4525,-1.0152,-59.22,-11.844,-38.8344,-9.05982,999,999,16.07342,14.89644,-0.12062,41.95111,43.12072,43.47944,42.91324,41.68097,40.40362,-0.001,-0.001,0,-0.001,0.04,0.50949,999,-0.01998,0,-0.001,-0.001,0.003249,999,999,0,0,0,0,0,0,0,0,0,0,0,0,0,0,0,0
0.417,25,-2.727,-2.2625,-2.0304,-67.68,-11.5056,-42.9532,-9.14529,999,999,16.0439,14.50956,-0.12062,41.92874,43.0983,43.45702,42.91324,41.6586,40.42609,-0.001,-0.001,-0.001,-0.001,0,0.1998,999,-0.01998,0.144,-0.001,-0.001,0.003249,999,999,0,0,0,0,0,0,0,0,0,0,0,0,0,0,0,0
0.5,30,-2.2725,-1.3575,-2.7072,-69.0336,-12.8592,-41.9235,-9.05982,999,999,16.13246,14.04332,-0.12062,41.884,43.07588,43.4346,42.91324,41.68097,40.42609,-0.001,-0.001,-0.001,-0.001,-0.1,0.12987,999,-0.01998,0.144,-0.001,-0.001,0.003165,999,999,0,0,0,-0.001,-0.001,0,0,0,0,0,0,0,0,0,0,0
0.583,35,-3.636,-4.9775,-2.3688,-66.6648,-14.5512,-43.2474,-9.57264,999,999,15.67982,13.60684,-0.12062,41.83926,43.03104,43.41218,42.91324,41.68097,40.44856,-0.001,-0.001,-0.001,0,0,0.17982,999,-0.01998,-0.144,-0.001,-0.001,0.003249,999,999,0,0,0,0,0,0,0,0,0,0,0,0,0,0,0,0
0.667,40,-4.0905,-2.2625,-1.0152,-63.2808,-13.536,-43.5416,-9.65811,999,999,14.9123,13.25964,-0.12062,41.77215,42.9862,43.38976,42.91324,41.68097,40.42609,-0.001,-0.001,-0.001,-0.002,0.04,0.5994,999,-0.01998,0,-0.001,-0.001,0.003165,999,999,0,0,0,0,0,0,0,0,0,0,0,0,0,0,0,0
0.75,45,-2.727,-1.3575,-1.0152,-58.2048,-13.1976,-41.4822,-10.2564,999,999,14.79422,13.2398,-0.11074,41.72741,42.94136,43.36734,42.93566,41.68097,40.42609,-0.001,-0.001,-0.001,-0.002,0,0.52947,999,-0.01998,-0.144,-0.001,-0.001,0.003249,999,999,0,0,0,0,0,0,0,0,0,0,0,0,0,0,0,0
0.833,50,-3.1815,-4.0725,-1.3536,-55.4976,-14.2128,-37.2163,-10.68375,999,999,15.17798,13.2398,-0.12062,41.63793,42.91894,43.34492,42.91324,41.68097,40.42609,-0.001,-0.002,-0.001,-0.001,-0.1,0.37962,999,-0.01998,0.144,-0.001,-0.001,0.003332,999,999,0,0,0,0,0,0,0,0,0,0,0,0,0,0,0,0
0.917,55,-3.1815,-1.81,-1.3536,-55.1592,-12.8592,-38.9815,-10.85469,999,999,15.14846,13.13068,-0.12062,41.59319,42.89652,43.3225,42.91324,41.68097,40.42609,-0.001,-0.002,-0.001,-0.001,0,0.22977,999,-0.01998,0,-0.001,-0.001,0.003249,999,999,0,0,0,0,0,0,0,0,0,0,0,0,0,0,0,0
1,100,-2.727,-4.525,-1.692,-54.8208,-12.5208,-40.1583,-11.1111,999,999,14.93198,12.96204,-0.12062,41.52608,42.8741,43.30008,42.89082,41.68097,40.40362,-0.001,-0.001,-0.001,0,-0.04,0.12987,999,-0.01998,0,-0.001,-0.001,0.003249,999,999,0,0,0,0,0,0,0,0,0,0,0,0,0,0,0,0
1.083,105,-3.1815,-2.2625,-1.3536,-43.6536,-11.844,-29.8613,-11.36751,999,999,15.0599,12.86284,-0.12062,41.48134,42.82926,43.30008,42.91324,41.68097,40.44856,-0.002,-0.001,-0.001,-0.002,0.04,0.12987,999,-0.01998,0.144,-0.001,-0.001,0.003332,999,999,0,0,0,0,0,0,0,0,0,0,0,0,0,0,0,0
1.167,110,-1.818,-2.2625,0,-21.996,-6.768,-13.0919,-11.53845,999,999,15.23702,12.96204,-0.12062,41.41423,42.80684,43.25524,42.89082,41.68097,40.42609,-0.002,-0.001,-0.001,-0.002,0.04,0.26973,999,-0.01998,-0.36,-0.001,-0.001,0.003249,999,999,0,0,0,0,0,0,0,0,0,0,0,0,0,0,0,0
1.25,115,-0.909,-2.715,1.0152,-19.2888,-2.0304,-14.5629,-11.53845,999,999,15.29606,13.35884,-0.12062,41.36949,42.73958,43.25524,42.8684,41.68097,40.42609,0,-0.001,-0.001,-0.001,0,0.16983,999,-0.01998,0,-0.001,-0.001,0.003332,999,999,0,0,0,0,0,0,0,0,0,0,0,0,0,0,0,0
1.333,120,-0.4545,-0.905,1.0152,-19.2888,-2.7072,-14.4158,-11.28204,999,999,15.80774,13.79532,-0.12062,41.30238,42.71716,43.23282,42.8684,41.70334,40.44856,-0.001,-0.001,-0.001,-0.001,0,0.11988,999,-0.01998,0.144,-0.001,-0.001,0.003249,999,999,0,0,0,0,0,0,0,0,0,0,0,0,0,0,0,0
1.417,125,-0.4545,-2.715,0.3384,-24.3648,-1.0152,-20.594,-10.2564,999,999,16.03406,14.05324,-0.12062,41.28001,42.67232,43.2104,42.89082,41.68097,40.40362,-0.001,-0.001,-0.001,-0.001,0,0.12987,999,-0.01998,-0.36,-0.001,-0.001,0.003165,999,999,0,0,0,0,0,0,0,0,0,0,0,0,0,0,0,0
1.5,130,-0.4545,0,-0.3384,-36.2088,-4.3992,-33.6859,-10.94016,999,999,15.72902,14.12268,-0.12062,41.25764,42.6499,43.18798,42.8684,41.70334,40.42609,-0.001,-0.001,-0.001,0,-0.04,0.16983,999,-0.01998,0.144,-0.001,-0.001,0.003332,999,999,0,0,0,0,0,0,0,0,0,0,0,0,0,0,0,0
1.583,135,-2.2725,-1.3575,-1.3536,-48.7296,-7.4448,-44.4242,-10.34187,999,999,15.26654,13.96396,-0.12062,41.23527,42.62748,43.16556,42.8684,41.68097,40.42609,0,-0.001,-0.001,-0.001,0,0.11988,999,-0.01998,0,-0.001,-0.001,0.003249,999,999,0,0,0,0,0,0,0,0,0,0,0,0,0,0,0,0
1.667,140,-2.727,-1.3575,-2.0304,-49.4064,-11.1672,-44.7184,-10.17093,999,999,15.03038,13.56716,-0.1305,41.2129,42.58264,43.14314,42.8684,41.70334,40.42609,-0.001,-0.002,-0.001,-0.001,0.04,0.11988,999,-0.01998,-0.144,-0.001,-0.001,0.003332,999,999,0,0,0,0,0,0,0,0,0,0,0,0,0,0,0,0
1.75,145,-3.636,-3.1675,-2.3688,-48.3912,-11.1672,-45.3068,-9.91452,999,999,14.60726,13.10092,-0.12062,41.16816,42.5378,43.12072,42.8684,41.70334,40.44856,-0.001,-0.001,-0.001,-0.002,-0.04,0.11988,999,-0.01998,-0.144,-0.001,-0.001,0.003249,999,999,0,0,0,0,0,0,0,0,0,0,0,0,0,0,0,0
1.833,150,-2.2725,-2.2625,-1.692,-47.376,-11.1672,-43.9829,-9.99999,999,999,14.36126,12.66444,-0.1305,41.12342,42.51538,43.0983,42.84598,41.70334,40.42609,-0.001,-0.001,-0.001,-0.001,-0.04,0.1998,999,-0.01998,0.144,-0.001,-0.001,0.003249,999,999,0,0,0,0,0,0,0,0,0,0,0,0,0,0,0,0
1.917,155,-3.636,-6.335,-1.3536,-45.684,-11.5056,-42.9532,-10.94016,999,999,14.0267,12.46604,-0.12062,41.07868,42.44812,43.07588,42.84598,41.70334,40.44856,-0.001,-0.001,-0.001,0,-0.04,0.2997,999,-0.01998,0,-0.001,-0.001,0.003249,999,999,0,0,0,0,0,0,0,0,0,0,0,0,0,0,0,0
2,200,-2.2725,-1.81,-1.692,-44.6688,-11.5056,-43.8358,-11.28204,999,999,13.94798,12.25772,-0.12062,41.03394,42.44812,43.05346,42.84598,41.70334,40.42609,-0.001,-0.001,-0.001,-0.002,-0.04,0.23976,999,-0.01998,0,-0.001,-0.001,0.003332,999,999,0,0,0,0,0,0,0,0,0,0,0,0,0,0,0,0
2.083,205,-2.727,-2.715,-1.0152,-42.9768,-10.152,-45.0126,-11.9658,999,999,13.64294,12.13868,-0.1305,40.96683,42.40328,43.03104,42.84598,41.70334,40.44856,-0.001,-0.001,-0.001,-0.001,0,0.43956,999,-0.01998,0,-0.002,-0.001,0.003249,999,999,0,0,0,0,0,-0.001,0,0,0,0,0,0,0,0,0,0
2.167,210,-2.727,-4.9775,-1.692,-41.6232,-9.4752,-42.9532,-11.79486,999,999,13.7315,12.11884,-0.12062,40.92209,42.38086,43.00862,42.82356,41.70334,40.44856,-0.001,-0.001,-0.001,-0.001,-0.04,0.25974,999,-0.01998,0,-0.001,-0.001,0.003332,999,999,0,0,0,0,0,0,0,0,0,0,0,0,0,0,0,0
2.25,215,-3.636,-3.62,-1.692,-40.2696,-9.1368,-40.5996,-11.9658,999,999,13.60358,12.01964,-0.11074,40.85498,42.33602,42.9862,42.82356,41.70334,40.44856,-0.001,-0.001,-0.001,-0.001,-0.04,0.17982,999,-0.01998,-0.36,-0.001,-0.001,0.003249,999,999,0,0,0,0,0,0,0,0,0,0,0,0,0,0,0,0
2.333,220,-3.636,-2.715,-1.0152,-37.9008,-8.46,-38.3931,-12.39315,999,999,13.6823,11.89068,-0.1305,40.78787,42.3136,42.96378,42.80114,41.70334,40.44856,-0.001,-0.001,-0.001,-0.001,-0.04,0.12987,999,-0.01998,0.144,-0.001,-0.001,0.003249,999,999,0,0,0,0,0,0,0,0,0,0,0,0,0,0,0,0
2.417,225,-2.727,-3.1675,-1.0152,-36.5472,-9.1368,-41.4822,-11.88033,999,999,13.82006,11.76172,-0.12062,40.74313,42.26876,42.94136,42.82356,41.70334,40.42609,-0.001,-0.001,-0.001,-0.001,0,0.12987,999,-0.01998,0,-0.001,-0.001,0.003249,999,999,0,0,0,0,0,0,0,0,0,0,0,0,0,0,0,0
2.5,230,-3.1815,-0.4525,-0.6768,-36.5472,-9.8136,-42.2177,-12.64956,999,999,13.93814,11.6526,-0.12062,40.69839,42.22392,42.91894,42.77872,41.70334,40.44856,-0.001,-0.001,-0.001,-0.001,-0.1,0.12987,999,-0.01998,0.36,-0.001,-0.001,0.003249,999,999,0,0,0,0,0,0,0,0,0,0,0,0,0,0,0,0
2.583,235,-3.1815,-3.62,-0.6768,-36.2088,-7.4448,-42.8061,-12.73503,999,999,13.5347,11.5038,-0.12062,40.63128,42.2015,42.89652,42.80114,41.70334,40.42609,-0.002,-0.001,-0.001,-0.001,0.04,0.45954,999,-0.01998,0,-0.001,-0.001,0.003249,999,999,0,0,0,0,0,0,0,0,0,0,0,0,0,0,0,0
2.667,240,-4.0905,-4.525,-1.3536,-35.1936,-8.46,-40.8938,-12.73503,999,999,13.75118,11.53356,-0.12062,40.58654,42.15666,42.8741,42.77872,41.70334,40.42609,-0.001,-0.001,-0.001,-0.002,0,0.1998,999,-0.01998,-0.36,-0.001,-0.001,0.003249,999,999,0,0,0,0,0,0,0,0,0,0,0,0,0,0,0,0
2.75,245,-0.909,-2.2625,-2.0304,-33.84,-6.768,-41.188,-12.64956,999,999,13.76102,11.42444,-0.12062,40.51943,42.11182,42.85168,42.77872,41.70334,40.42609,-0.001,-0.001,-0.001,-0.001,0,0.18981,999,-0.01998,0.144,-0.001,-0.001,0.003249,999,999,0,0,0,0,0,0,0,0,0,0,0,0,0,0,0,0
2.833,250,-2.727,-2.715,-1.3536,-33.5016,-6.0912,-42.5119,-13.41879,999,999,13.76102,11.32524,-0.1305,40.47469,42.06698,42.82926,42.7563,41.70334,40.44856,-0.001,-0.001,-0.001,-0.001,-0.1,0.47952,999,-0.01998,-0.144,-0.001,-0.001,0.003082,999,999,0,0,0,0,0,0,0,0,0,0,0,0,0,0,0,0
2.917,255,-4.0905,-4.525,-1.0152,-32.4864,-6.768,-38.3931,-13.16238,999,999,13.51502,11.29548,-0.12062,40.42995,42.02214,42.82926,42.77872,41.72571,40.42609,-0.001,-0.001,-0.001,-0.001,0,0.17982,999,-0.01998,0,-0.001,-0.001,0.003249,999,999,0,0,0,0,0,0,0,0,0,0,0,0,0,0,0,0
3,300,-3.636,-0.905,-0.3384,-32.148,-5.4144,-41.9235,-13.24785,999,999,13.59374,11.24588,-0.12062,40.38521,41.9773,42.78442,42.73388,41.70334,40.42609,-0.001,-0.001,-0.001,-0.001,0,0.28971,999,-0.01998,-0.144,-0.001,-0.001,0.003332,999,999,0,0,0,0,0,0,0,0,0,0,0,0,0,0,0,0
3.083,305,-2.727,-2.2625,-1.0152,-31.8096,-7.4448,-42.0706,-13.33332,999,999,13.52486,11.13676,-0.11074,40.3181,41.91004,42.762,42.73388,41.70334,40.44856,-0.001,-0.001,-0.001,-0.002,-0.04,0.28971,999,-0.01998,0,-0.001,-0.001,0.003249,999,999,0,0,0,0,0,0,0,0,0,0,0,0,0,0,0,0
3.167,310,-3.1815,-0.905,-1.3536,-30.456,-7.7832,-41.4822,-13.16238,999,999,13.42646,11.06732,-0.1305,40.27336,41.91004,42.73958,42.7563,41.72571,40.47103,-0.001,-0.001,-0.001,-0.001,0,0.11988,999,-0.01998,-0.144,-0.001,-0.001,0.003249,999,999,0,0,0,0,0,0,0,0,0,0,0,0,0,0,0,0
3.25,315,-2.727,0,-0.6768,-30.1176,-7.1064,-42.0706,-13.6752,999,999,13.39694,11.17644,-0.1305,40.22862,41.8652,42.71716,42.73388,41.70334,40.42609,-0.001,-0.001,-0.001,-0.002,0,0.44955,999,-0.01998,0,-0.001,-0.001,0.003249,999,999,0,0,0,0,0,0,0,0,0,0,0,0,0,0,0,0
3.333,320,-0.909,-4.0725,-0.6768,-29.4408,-8.1216,-40.7467,-13.41879,999,999,13.41662,11.2062,-0.12062,40.18388,41.82036,42.69474,42.73388,41.70334,40.42609,-0.001,-0.001,-0.001,-0.001,-0.04,0.13986,999,-0.01998,0.144,-0.001,-0.001,0.003249,999,999,0,0,0,0,0,0,0,0,0,0,0,0,0,0,0,0
3.417,325,-3.1815,-2.715,-1.0152,-29.4408,-7.1064,-41.3351,-13.50426,999,999,12.96398,11.19628,-0.12062,40.11677,41.79794,42.67232,42.71146,41.70334,40.47103,-0.001,-0.001,-0.001,-0.001,-0.04,0.11988,999,-0.01998,0.144,-0.001,-0.001,0.003332,999,999,0,0,0,0,0,0,0,0,0,0,0,0,0,0,0,0
3.5,330,-2.727,-1.3575,-0.3384,-29.4408,-7.7832,-42.3648,-13.41879,999,999,13.06238,11.07724,-0.1305,40.0944,41.7531,42.6499,42.71146,41.70334,40.42609,-0.001,-0.001,-0.001,-0.001,-0.04,0.12987,999,-0.01998,-0.144,-0.001,-0.001,0.003249,999,999,0,0,0,0,0,0,0,0,0,0,0,0,0,0,0,0
3.583,335,-3.1815,-2.715,-1.0152,-28.764,-7.1064,-41.188,-13.33332,999,999,13.13126,10.98796,-0.12062,40.02729,41.73068,42.62748,42.71146,41.70334,40.44856,-0.001,-0.001,-0.001,-0.001,0.14,0.12987,999,-0.01998,0,-0.001,-0.001,0.003249,999,999,0,0,0,0,0,0,0,0,0,0,0,0,0,0,0,0
3.667,340,-1.818,0,-1.3536,-28.764,-7.4448,-42.5119,-13.07691,999,999,12.9443,10.83916,-0.12062,39.98255,41.70826,42.60506,42.68904,41.72571,40.42609,-0.001,-0.001,-0.001,-0.001,0.04,0.30969,999,-0.01998,0,-0.001,-0.001,0.003165,999,999,0,0,0,0,0,0,0,0,0,0,0,0,0,0,0,0
3.75,345,-1.818,-1.3575,-1.0152,-28.0872,-6.4296,-41.7764,-13.76067,999,999,12.68846,10.86892,-0.12062,39.93781,41.641,42.58264,42.66662,41.70334,40.44856,-0.001,-0.001,-0.001,-0.001,-0.04,0.15984,999,-0.01998,0.144,-0.001,-0.001,0.003165,999,999,0,0,0,0,0,0,0,0,0,0,0,0,0,0,0,0
3.833,350,-3.1815,-2.2625,-1.3536,-27.4104,-7.4448,-38.9815,-14.18802,999,999,12.77702,10.8094,-0.12062,39.89307,41.61858,42.56022,42.66662,41.72571,40.44856,-0.001,-0.001,-0.001,-0.001,0.04,0.12987,999,-0.01998,0,-0.001,-0.001,0.003249,999,999,0,0,0,0,0,0,0,0,0,0,0,0,0,0,0,0
3.917,355,-2.727,-1.3575,-0.6768,-26.3952,-5.7528,-38.0989,-13.33332,999,999,12.76718,10.7102,-0.12062,39.84833,41.57374,42.5378,42.66662,41.70334,40.44856,-0.002,-0.001,-0.001,-0.001,-0.04,0.12987,999,-0.01998,0,-0.001,-0.001,0.003249,999,999,0,0,0,0,0,0,0,0,0,0,0,0,0,0,0,0
4,400,-2.727,-0.4525,-0.6768,-26.7336,-7.1064,-42.0706,-13.76067,999,999,12.78686,10.611,-0.12062,39.80359,41.5289,42.49296,42.6442,41.70334,40.47103,-0.002,-0.001,-0.001,-0.001,-0.04,0.27972,999,-0.01998,-0.144,-0.001,-0.001,0.003249,999,999,0,0,0,0,0,0,0,0,0,0,0,0,0,0,0,0
4.083,405,-2.727,-3.62,-1.0152,-26.0568,-5.4144,-41.188,-13.58973,999,999,12.66878,10.55148,-0.1305,39.75885,41.50648,42.49296,42.6442,41.70334,40.42609,-0.001,-0.001,-0.001,-0.001,0.04,0.11988,999,-0.01998,0.144,-0.001,-0.001,0.003415,999,999,0,0,0,0,0,0,0,0,0,0,0,0,0,0,0,0
4.167,410,-0.909,-1.3575,-0.6768,-26.3952,-5.7528,-41.9235,-13.93161,999,999,12.82622,10.49196,-0.12062,39.71411,41.46164,42.47054,42.6442,41.70334,40.42609,-0.001,-0.001,-0.001,-0.001,-0.04,0.12987,999,-0.01998,-0.144,-0.001,-0.001,0.003249,999,999,0,0,0,0,0,0,0,0,0,0,0,0,0,0,0,0
4.25,415,-1.818,-1.81,-0.6768,-25.7184,-6.4296,-40.5996,-13.93161,999,999,12.53102,10.45228,-0.1305,39.66937,41.43922,42.44812,42.62178,41.70334,40.44856,-0.002,-0.001,-0.001,-0.001,0,0.12987,999,-0.01998,0,-0.001,-0.001,0.003249,999,999,0,0,0,0,0,0,0,0,0,0,0,0,0,0,0,0
4.333,420,-2.727,-3.1675,-0.6768,-25.0416,-4.0608,-40.3054,-13.93161,999,999,12.36374,10.39276,-0.12062,39.62463,41.39438,42.40328,42.62178,41.72571,40.44856,-0.001,-0.001,-0.001,-0.002,0,0.13986,999,-0.01998,-0.144,-0.001,-0.001,0.003249,999,999,0,0,0,0,0,0,0,0,0,0,0,0,0,0,0,0
4.417,425,-0.909,-1.3575,-0.3384,-24.7032,-6.4296,-40.4525,-14.27349,999,999,12.11774,10.363,-0.12062,39.57989,41.34954,42.38086,42.59936,41.70334,40.42609,-0.001,-0.001,-0.001,0,0.1,0.1998,999,-0.01998,0,-0.001,-0.001,0.003082,999,999,0,0,0,0,0,0,0,0,0,0,0,0,0,0,0,0
4.5,430,-0.909,-1.3575,-0.3384,-24.0264,-5.7528,-37.9518,-13.84614,999,999,12.66878,10.4126,-0.1305,39.53515,41.3047,42.35844,42.59936,41.70334,40.44856,-0.001,-0.001,-0.001,-0.001,-0.04,0.12987,999,-0.01998,0,-0.001,-0.001,0.003332,999,999,0,0,0,0,0,0,0,0,0,0,0,0,0,0,0,0
4.583,435,0,-1.3575,-0.3384,-23.688,-6.0912,-38.0989,-14.01708,999,999,12.41294,10.4126,-0.12062,39.51278,41.25986,42.33602,42.57694,41.72571,40.44856,-0.001,-0.001,-0.001,-0.001,0.04,0.12987,999,-0.01998,0,-0.001,-0.001,0.003249,999,999,0,0,0,0,0,0,0,0,0,0,0,0,0,0,0,0
4.667,440,-2.727,-1.81,-0.3384,-24.3648,-6.4296,-40.7467,-13.84614,999,999,12.01934,10.35308,-0.12062,39.46804,41.21502,42.3136,42.57694,41.70334,40.44856,-0.001,-0.001,-0.001,-0.001,0,0.42957,999,-0.01998,0.144,-0.001,-0.001,0.003249,999,999,0,0,0,0,0,0,0,0,0,0,0,0,0,0,0,0
4.75,445,-1.818,0,-0.6768,-24.0264,-5.7528,-37.9518,-13.76067,999,999,12.33422,10.37292,-0.11074,39.4233,41.1926,42.29118,42.55452,41.72571,40.44856,-0.001,-0.001,-0.001,-0.001,0,0.14985,999,-0.01998,0.144,-0.001,-0.001,0.003332,999,999,0,0,0,0,0,0,0,0,0,0,0,0,0,0,0,0
4.833,450,-0.4545,-2.715,-0.6768,-24.0264,-5.4144,-40.5996,-13.33332,999,999,12.02918,10.27372,-0.1305,39.37856,41.17018,42.26876,42.55452,41.70334,40.42609,0,-0.001,-0.001,-0.001,0,0.56943,999,-0.01998,-0.36,-0.001,-0.001,0.003249,999,999,0,0,0,0,0,0,0,0,0,0,0,0,0,0,0,0
4.917,455,-0.909,0,0.3384,-24.3648,-4.3992,-43.5416,-13.93161,999,999,12.1571,10.38284,-0.12062,39.33382,41.14776,42.24634,42.55452,41.70334,40.44856,-0.001,-0.001,-0.001,-0.001,-0.04,0.6993,999,-0.01998,0,-0.001,-0.002,0.003249,999,999,0,0,0,0,0,0,0,0,0,0,0,0,0,0,0,0
5,500,-1.818,-3.62,-0.6768,-24.0264,-6.0912,-41.6293,-13.93161,999,999,12.54086,10.52172,-0.12062,39.31145,41.10292,42.2015,42.55452,41.70334,40.44856,0,-0.001,-0.001,-0.001,-0.1,0.40959,999,-0.01998,0,-0.001,-0.001,0.003249,999,999,0,0,0,0,0,0,0,0,0,0,0,0,0,0,0,0
5.083,505,0,-5.8825,-1.0152,-23.688,-5.4144,-39.1286,-13.41879,999,999,12.66878,10.48204,-0.14038,39.26671,41.03566,42.17908,42.5321,41.70334,40.44856,-0.001,-0.001,-0.001,-0.001,0.04,0.21978,999,-0.01998,0.504,-0.001,-0.001,0.003249,999,999,0,0,0,0,0,0,0,0,0,0,0,0,0,0,0,0
5.167,510,-1.3635,-2.2625,-1.0152,-23.0112,-5.4144,-36.0395,-13.76067,999,999,12.47198,10.43244,-0.12062,39.22197,41.01324,42.15666,42.50968,41.72571,40.42609,-0.001,-0.001,-0.001,-0.001,0,0.12987,999,-0.01998,-0.36,-0.001,-0.001,0.003249,999,999,0,0,0,0,0,0,0,0,0,0,0,0,0,0,0,0
5.25,515,-1.818,-2.715,-1.0152,-22.6728,-5.4144,-36.0395,-13.24785,999,999,12.38342,10.40268,-0.12062,39.1996,40.99082,42.13424,42.50968,41.70334,40.42609,-0.001,-0.001,-0.001,-0.001,-0.04,0.27972,999,-0.01998,0,-0.001,-0.001,0.003249,999,999,0,0,0,0,0,0,0,0,0,0,0,0,0,0,0,0
5.333,520,-0.909,-4.0725,0,-21.6576,-3.7224,-37.3634,-14.01708,999,999,12.1571,10.39276,-0.12062,39.15486,40.9684,42.11182,42.50968,41.70334,40.42609,0,-0.001,-0.001,-0.001,-0.04,0.54945,999,-0.01998,-0.144,-0.001,-0.001,0.003165,999,999,0,0,0,0,0,0,0,0,0,0,0,0,0,0,0,0
5.417,525,-0.4545,-1.81,0,-20.304,-4.3992,-34.4214,-13.33332,999,999,12.39326,10.47212,-0.11074,39.13249,40.92356,42.0894,42.48726,41.72571,40.44856,0,-0.001,-0.001,0,0.04,0.37962,999,-0.01998,0.144,-0.001,-0.001,0.003249,999,999,0,0,0,0,0,0,0,0,0,0,0,0,0,0,0,0
5.5,530,0,-1.81,0.6768,-19.6272,-4.0608,-34.1272,-13.41879,999,999,12.5507,10.57132,-0.1305,39.08775,40.87872,42.04456,42.46484,41.70334,40.44856,-0.001,-0.001,-0.001,-0.001,-0.04,0.3996,999,-0.01998,-0.144,-0.001,-0.001,0.003332,999,999,0,0,0,0,0,0,0,0,0,0,0,0,0,0,0,0
5.583,535,2.727,2.715,3.384,-18.9504,-4.3992,-29.42,-13.33332,999,999,12.77702,10.67052,-0.12062,39.06538,40.83388,42.02214,42.46484,41.70334,40.42609,-0.001,-0.001,-0.001,-0.001,-0.04,0.3996,999,-0.01998,0,-0.001,-0.001,0.003249,999,999,0,0,0,0,0,0,0,0,0,0,0,0,0,0,0,0
5.667,540,5.454,3.1675,5.7528,-13.1976,-2.0304,-13.6803,-13.41879,999,999,12.8459,10.86892,-0.1305,39.02064,40.81146,41.99972,42.46484,41.70334,40.47103,-0.001,-0.001,-0.001,0,-0.04,0.31968,999,-0.01998,0,0,-0.001,0.003332,999,999,0,0,0,0,0,0,0,0,0,0,0,0,0,0,0,0
5.75,545,4.9995,1.81,5.7528,-8.46,-1.0152,-4.8543,-13.33332,999,999,12.88526,11.27564,-0.12062,38.99827,40.76662,41.9773,42.44242,41.70334,40.42609,-0.001,-0.001,-0.001,-0.001,0.04,0.36963,999,-0.01998,0,-0.001,-0.001,0.003249,999,999,0,0,0,0,0,0,0,0,0,0,0,0,0,0,0,0
5.833,550,6.8175,4.9775,7.4448,-8.1216,-1.3536,-5.7369,-12.64956,999,999,13.24934,11.86092,-0.12062,38.99827,40.7442,41.95488,42.42,41.70334,40.42609,-0.001,-0.001,-0.001,-0.001,-0.1,0.18981,999,-0.01998,-0.36,-0.001,-0.001,0.003249,999,999,0,0,0,0,0,0,0,0,0,0,0,0,0,0,0,0
5.917,555,7.272,7.6925,8.1216,-9.1368,-1.0152,-8.5318,-12.05127,999,999,13.56422,12.37676,-0.12062,38.99827,40.69936,41.93246,42.42,41.70334,40.42609,-0.001,-0.001,-0.001,-0.002,0,0.12987,999,-0.01998,0,-0.001,-0.001,0.003249,999,999,0,0,0,0,0,0,0,0,0,0,0,0,0,0,0,0
6,600,10.4535,8.145,10.8288,-13.1976,-0.6768,-16.181,-11.79486,999,999,13.72166,12.72396,-0.12062,38.99827,40.67694,41.88762,42.42,41.68097,40.44856,-0.001,-0.001,-0.002,-0.001,0,0.53946,999,-0.01998,0,-0.001,-0.001,0.003332,999,999,0,0,0,0,0,0,0,0,0,0,0,0,0,0,0,0
6.083,605,14.0895,16.29,16.5816,-13.536,-0.3384,-13.6803,-11.1111,999,999,13.49534,12.90252,-0.12062,38.99827,40.65452,41.8652,42.39758,41.70334,40.42609,-0.001,-0.001,-0.001,-0.001,-0.04,0.85914,999,-0.01998,-0.144,-0.001,-0.001,0.003332,999,999,0,0,0,0,0,0,0,0,0,0,0,0,0,0,0,0
6.167,610,18.18,18.1,18.612,-10.8288,0,-5.884,-10.59828,999,999,13.52486,13.11084,-0.1305,39.02064,40.60968,41.8652,42.37516,41.70334,40.44856,0,-0.001,-0.001,-0.001,-0.04,0.58941,999,-0.01998,-0.144,-0.001,-0.001,0.003165,999,999,0,0,0,0,0,0,0,0,0,0,0,0,0,0,0,0
6.25,615,21.816,19.005,21.6576,-9.8136,0.6768,-0.8826,-9.65811,999,999,13.54454,13.34892,-0.12062,39.02064,40.60968,41.82036,42.35274,41.70334,40.44856,-0.002,-0.001,-0.001,-0.001,-0.04,0.96903,999,-0.01998,0.144,-0.001,-0.001,0.003332,999,999,0,0,0,0,0,0,0,0,0,0,0,0,0,0,0,0
6.333,620,24.0885,17.6475,24.3648,-9.1368,1.0152,1.0297,-9.91452,999,999,13.64294,13.60684,-0.12062,39.04301,40.54242,41.79794,42.37516,41.70334,40.44856,-0.001,-0.001,-0.001,-0.002,-0.04,0.67932,999,-0.01998,-0.504,-0.001,-0.001,0.003249,999,999,0,0,0,0,0,0,0,0,0,0,0,0,0,0,0,0
6.417,625,30.4515,26.6975,30.7944,-10.4904,0,1.1768,-8.80341,999,999,13.83974,13.87468,-0.1305,39.04301,40.54242,41.77552,42.35274,41.68097,40.47103,-0.002,-0.001,-0.001,-0.002,0.04,0.61938,999,-0.01998,0,-0.001,-0.001,0.003249,999,999,0,0,0,0,0,0,0,0,0,0,0,0,0,0,0,0
6.5,630,38.6325,37.5575,39.5928,-9.8136,1.692,8.3847,-8.46153,999,999,13.89878,14.083,-0.11074,39.06538,40.52,41.73068,42.33032,41.68097,40.44856,-0.001,-0.001,0,-0.002,-0.1,0.92907,999,-0.01998,-0.144,-0.001,-0.001,0.003415,999,999,0,0,0,0,0,0,0,0,0,0,0,0,0,0,0,0
6.583,635,49.086,42.9875,50.4216,-13.1976,1.3536,6.9137,-8.20512,999,999,13.99718,14.21196,-0.12062,39.08775,40.49758,41.73068,42.35274,41.68097,40.44856,-0.001,-0.001,-0.001,0,0.1,0.70929,999,-0.01998,0.144,-0.001,-0.001,0.002916,999,999,0,0,0,0,0,0,0,0,0,0,0,0,0,0,0,0
6.667,640,55.9035,50.2275,56.5128,-14.5512,1.3536,6.7666,-8.29059,999,999,14.14478,14.44012,-0.12062,39.11012,40.47516,41.70826,42.3079,41.68097,40.42609,-0.002,-0.001,-0.001,-0.001,-0.04,0.56943,999,-0.01998,0,-0.001,-0.001,0.003332,999,999,0,0,0,0,0,0,0,0,0,0,0,0,0,0,0,0
6.75,645,58.176,50.2275,58.8816,-12.5208,2.0304,13.0919,-6.8376,999,999,14.2727,14.54924,-0.1305,39.13249,40.45274,41.66342,42.3079,41.68097,40.44856,-0.001,-0.001,-0.001,-0.002,0,0.63936,999,-0.01998,-0.144,-0.001,-0.001,0.003332,999,999,0,0,0,0,0,0,0,0,0,0,0,0,0,0,0,0
6.833,650,62.2665,57.92,63.6192,-16.2432,1.692,8.3847,-7.17948,999,999,14.31206,14.63852,-0.1305,39.15486,40.45274,41.66342,42.28548,41.68097,40.42609,-0.001,-0.001,-0.001,-0.001,-0.1,0.68931,999,-0.01998,0,-0.001,-0.001,0.003249,999,999,0,0,0,0,0,0,0,0,0,0,0,0,0,0,0,0
6.917,655,68.175,61.54,70.0488,-13.1976,2.7072,18.5346,-6.06837,999,999,14.43998,14.81708,-0.12062,39.1996,40.43032,41.641,42.28548,41.68097,40.42609,-0.001,-0.001,-0.001,-0.001,0.04,0.38961,999,-0.01998,-0.144,-0.001,-0.001,0.003332,999,999,0,0,0,0,0,0,0,0,0,0,0,0,0,0,0,0
7,700,66.8115,61.54,69.0336,-11.844,3.0456,19.4172,-6.41025,999,999,14.64662,15.15436,-0.12062,39.1996,40.43032,41.61858,42.26306,41.68097,40.44856,-0.001,-0.001,-0.001,-0.001,0.04,0.40959,999,-0.01998,0.144,-0.001,-0.001,0.003249,999,999,0,0,0,0,0,0,0,0,0,0,0,0,0,0,0,0
7.083,705,74.0835,62.8975,75.8016,-16.5816,4.0608,15.0042,-5.89743,999,999,14.64662,15.25356,-0.12062,39.22197,40.4079,41.57374,42.26306,41.6586,40.42609,-0.001,-0.001,-0.001,0,0,0.67932,999,-0.01998,-0.144,-0.001,-0.001,0.003249,999,999,0,0,0,0,0,0,0,0,0,0,0,0,0,0,0,0
7.167,710,84.537,71.0425,85.2768,-14.2128,4.0608,26.478,-5.38461,999,999,14.75486,15.38252,-0.12062,39.26671,40.4079,41.55132,42.26306,41.6586,40.44856,-0.001,-0.001,-0.001,-0.001,-0.04,0.4995,999,-0.01998,0.144,-0.001,-0.001,0.003249,999,999,0,0,0,0,0,0,0,0,0,0,0,0,0,0,0,0
7.25,715,83.1735,73.7575,84.2616,-11.1672,5.7528,30.7439,-4.70085,999,999,14.7647,15.45196,-0.12062,39.28908,40.4079,41.5289,42.21822,41.6586,40.42609,-0.001,-0.001,-0.001,-0.001,-0.04,0.68931,999,-0.01998,-0.144,-0.001,-0.001,0.003332,999,999,0,0,0,0,0,0,0,0,0,0,0,0,0,0,0,0
7.333,720,85.9005,75.5675,87.984,-12.8592,5.4144,28.6845,-4.87179,999,999,14.93198,15.6702,-0.12062,39.33382,40.36306,41.50648,42.21822,41.6586,40.44856,-0.001,-0.001,-0.001,-0.001,-0.1,0.47952,999,-0.01998,0.144,-0.001,-0.001,0.003249,999,999,0,0,0,0,0,0,0,0,0,0,0,0,0,0,0,0
7.417,725,94.0815,81.9025,96.1056,-19.6272,4.3992,21.1824,-4.18803,999,999,15.08942,15.92812,-0.12062,39.35619,40.38548,41.50648,42.21822,41.6586,40.42609,-0.001,-0.001,-0.001,-0.001,-0.1,0.41958,999,-0.01998,0.144,-0.001,-0.001,0.003332,999,999,0,0,0,0,0,0,0,0,0,0,0,0,0,0,0,0
7.5,730,102.2625,87.3325,103.212,-24.0264,5.4144,19.5643,-3.76068,999,999,15.26654,16.0174,-0.12062,39.4233,40.36306,41.48406,42.17338,41.6586,40.44856,-0.001,-0.001,-0.001,-0.001,0,0.44955,999,-0.01998,-0.144,-0.001,-0.001,0.003415,999,999,0,0,0,0,0,0,0,0,0,0,0,0,0,0,0,0
7.583,735,109.989,93.6675,111.3336,-25.38,6.768,22.2121,-3.50427,999,999,15.33542,16.08684,-0.12062,39.44567,40.36306,41.46164,42.15096,41.6586,40.44856,-0.001,-0.001,-0.001,-0.001,0,0.48951,999,-0.01998,-0.144,-0.001,-0.001,0.003249,999,999,0,0,0,0,0,0,0,0,0,0,0,0,0,0,0,0
7.667,740,117.261,101.36,119.1168,-25.38,5.076,30.1555,-3.58974,999,999,15.39446,16.2158,-0.1305,39.49041,40.38548,41.43922,42.17338,41.6586,40.44856,-0.001,-0.001,-0.001,-0.001,0.04,0.86913,999,-0.01998,-0.144,-0.001,-0.001,0.003332,999,999,0,0,0,0,0,0,0,0,0,0,0,0,0,0,0,0
7.75,745,132.2595,113.125,135.36,-26.7336,5.7528,37.3634,-3.07692,999,999,15.17798,16.30508,-0.12062,39.51278,40.36306,41.4168,42.15096,41.6586,40.42609,-0.002,-0.001,-0.001,-0.001,-0.04,0.65934,999,-0.01998,0,-0.001,-0.001,0.003332,999,999,0,0,0,0,0,0,0,0,0,0,0,0,0,0,0,0
7.833,750,162.2565,132.13,165.1392,-28.0872,8.7984,54.8683,-3.07692,999,999,15.41414,16.60268,-0.12062,39.53515,40.38548,41.4168,42.12854,41.63623,40.44856,-0.001,-0.001,-0.001,0,0,0.77922,999,-0.01998,0,-0.001,-0.001,0.003332,999,999,0,0,0,0,0,0,0,0,0,0,0,0,0,0,0,0
7.917,755,173.1645,140.275,177.9984,-30.1176,9.8136,62.2233,-2.39316,999,999,15.63062,16.88044,-0.12062,39.57989,40.38548,41.39438,42.10612,41.63623,40.42609,-0.001,-0.001,-0.001,-0.001,0,0.66933,999,-0.01998,0,-0.001,-0.001,0.016577,999,999,0,0,0,0,0,0,0,0,0,0,0,0,0,0,0,0
8,800,188.163,152.04,192.888,-30.456,13.536,74.5797,-2.30769,999,999,16.1915,17.26732,-0.12062,39.62463,40.38548,41.37196,42.10612,41.63623,40.44856,-0.001,-0.001,-0.001,-0.001,0,0.93906,999,-0.01998,0.144,-0.001,-0.001,0.037652,999,999,0,0,0,0,0,0,0,0,0,0,0,0,0,0,0,0
8.083,805,211.797,171.045,216.576,-33.1632,16.5816,86.0535,-2.39316,999,999,16.31942,17.57484,-0.1305,39.69174,40.36306,41.34954,42.0837,41.63623,40.44856,-0.001,-0.001,-0.001,-0.001,0,0.999,999,-0.01998,-0.144,-0.001,-0.001,0.066473,999,999,0,0,0,0,0,0,0,0,0,0,0,0,0,0,0,0
8.167,810,202.2525,161.09,207.7776,-45.0072,14.8896,68.2544,-1.36752,999,999,16.3883,17.803,-0.12062,39.73648,40.36306,41.34954,42.06128,41.63623,40.44856,-0.001,-0.001,-0.001,-0.002,0.04,1.2987,999,-0.01998,-0.144,-0.001,-0.001,0.064391,999,999,0,0,0,0,0,0,0,0,0,0,0,0,0,0,0,0
8.25,815,205.434,162.9,208.4544,-60.912,12.8592,27.8019,-0.8547,999,999,16.40798,17.86252,-0.12062,39.80359,40.36306,41.32712,42.06128,41.63623,40.42609,-0.002,-0.001,-0.001,-0.001,0,1.02897,999,-0.01998,0.144,-0.001,-0.001,0.053062,999,999,0,0,0,0,0,0,0,0,0,0,0,0,0,0,0,0
8.333,820,229.068,170.5925,230.4504,-68.0184,12.5208,67.8131,-0.51282,999,999,16.77206,18.51724,-0.12062,39.8707,40.38548,41.3047,42.0837,41.63623,40.44856,-0.001,-0.001,-0.001,-0.001,-0.04,0.86913,999,-0.01998,0.144,-0.001,-0.001,0.0833,999,999,0,0,0,0,0,0,0,0,0,0,0,0,0,0,0,0
8.417,825,253.611,170.5925,254.1384,-72.0792,14.8896,107.9714,0.25641,999,999,17.05742,19.291,-0.1305,39.93781,40.43032,41.3047,42.03886,41.61386,40.42609,0,-0.001,-0.001,-0.001,-0.1,0.5994,999,-0.01998,0.144,-0.001,-0.001,0.0833,999,999,0,0,0,0,0,0,0,0,0,0,0,0,0,0,0,0
8.5,830,216.342,172.4025,216.9144,-75.1248,10.152,91.9375,0.94017,999,999,17.1755,19.52908,-0.1305,40.02729,40.4079,41.28228,42.03886,41.61386,40.42609,-0.001,-0.001,-0.001,-0.001,0,0.85914,999,-0.01998,-0.36,-0.001,-0.001,0.03432,999,999,0,0,0,0,0,0,0,0,0,0,0,0,0,0,0,0
8.583,835,216.342,177.8325,214.5456,-76.4784,9.1368,89.4368,0.94017,999,999,17.21486,19.38028,-0.12062,40.11677,40.4079,41.25986,41.99402,41.61386,40.42609,-0.001,-0.001,-0.001,-0.001,-0.04,0.50949,999,-0.01998,0.144,-0.001,0,0.014244,999,999,0,0,0,0,0,0,0,0,0,0,0,0,0,0,0,0
8.667,840,243.612,187.335,242.6328,-77.832,8.7984,108.5598,1.79487,999,999,17.58878,19.38028,-0.12062,40.18388,40.43032,41.25986,41.99402,41.61386,40.44856,-0.001,-0.001,-0.001,-0.001,0,0.80919,999,-0.01998,-0.144,-0.001,-0.001,0.082467,999,999,0,0,0,0,0,0,0,0,0,0,0,0,0,0,0,0
8.75,845,275.427,199.1,274.7808,-77.4936,5.7528,140.6276,2.05128,999,999,17.69702,19.36044,-0.1305,40.25099,40.43032,41.23744,41.99402,41.61386,40.42609,-0.001,-0.001,-0.001,-0.001,0,1.61838,999,-0.01998,0.144,-0.001,-0.001,0.0833,999,999,0,0,0,0,0,0,0,0,0,0,0,0,0,0,0,0
8.833,850,287.244,204.0775,286.6248,-76.4784,6.768,145.629,2.39316,999,999,17.72654,19.45964,-0.12062,40.34047,40.45274,41.23744,41.9716,41.61386,40.44856,-0.001,-0.001,-0.001,-0.001,-0.04,1.45854,999,-0.01998,0,-0.001,-0.001,0.083217,999,999,0,0,0,0,0,0,0,0,0,0,0,0,0,0,0,0
8.917,855,298.152,204.53,299.1456,-75.8016,8.7984,150.9246,3.07692,999,999,18.07094,19.67788,-0.12062,40.42995,40.49758,41.23744,41.9716,41.59149,40.42609,-0.001,-0.001,-0.001,-0.001,0,1.47852,999,-0.02997,0,-0.001,-0.001,0.0833,999,999,0,0,0,0,0,0,0,0,0,0,0,0,0,0,0,0
9,900,261.3375,197.29,263.2752,-77.4936,7.4448,126.0647,3.16239,999,999,18.26774,19.90604,-0.12062,40.51943,40.49758,41.21502,41.94918,41.59149,40.42609,-0.001,-0.001,-0.001,-0.001,0.04,1.16883,999,-0.01998,-0.144,-0.001,-0.001,0.0833,999,999,0,0,0,0,0,0,0,0,0,0,0,0,0,0,0,0
9.083,905,253.1565,204.0775,255.492,-79.1856,4.0608,120.9162,3.4188,999,999,18.12998,19.6382,-0.1305,40.60891,40.52,41.21502,41.92676,41.59149,40.42609,-0.001,-0.002,-0.001,-0.001,0,1.60839,999,-0.01998,-0.504,-0.001,-0.001,0.0833,999,999,0,0,0,0,0,0,0,0,0,0,0,0,0,0,0,0
9.167,910,291.3345,217.2,295.4232,-80.8776,7.7832,142.3928,4.18803,999,999,18.42518,19.62828,-0.1305,40.69839,40.54242,41.1926,41.92676,41.59149,40.42609,-0.001,-0.001,-0.001,-0.001,0,1.27872,999,-0.01998,0,-0.001,-0.001,0.0833,999,999,0,0,0,0,0,0,0,0,0,0,0,0,0,0,0,0
9.25,915,312.696,230.3225,317.0808,-81.8928,7.4448,162.2513,3.93162,999,999,18.73022,20.11436,-0.12062,40.78787,40.54242,41.1926,41.92676,41.59149,40.42609,-0.001,-0.001,-0.001,-0.001,0,1.45854,999,-0.01998,0,-0.001,-0.001,0.083217,999,999,0,0,0,0,0,0,0,0,0,0,0,0,0,0,0,0
9.333,920,340.875,237.5625,345.5064,-82.2312,9.4752,179.7562,4.18803,999,999,18.98606,20.3822,-0.12062,40.87735,40.60968,41.1926,41.90434,41.56912,40.44856,0,-0.001,-0.001,-0.002,0,1.67832,999,-0.01998,-0.504,-0.002,-0.001,0.083217,999,999,0,0,0,0,0,0,0,0,0,0,0,0,0,0,0,0
9.417,925,325.8765,239.825,329.6016,-82.908,7.7832,167.3998,4.52991,999,999,19.08446,20.74924,-0.12062,40.94446,40.65452,41.1926,41.88192,41.56912,40.42609,-0.001,-0.001,-0.001,-0.001,0,1.92807,999,-0.01998,-0.144,-0.001,-0.001,0.083217,999,999,0,0,0,0,0,0,0,0,0,0,0,0,0,0,0,0
9.5,930,335.8755,243.445,339.7536,-83.2464,7.4448,174.4606,4.70085,999,999,19.07462,20.4814,-0.12062,41.05631,40.67694,41.1926,41.88192,41.56912,40.44856,-0.001,-0.001,-0.001,-0.001,0.04,1.77822,999,-0.01998,0.144,-0.001,-0.001,0.083217,999,999,0,0,0,0,0,0,0,0,0,0,0,0,0,0,0,0
9.583,935,324.0585,242.54,327.2328,-83.9232,8.46,165.7817,4.87179,999,999,19.40918,20.73932,-0.12062,41.14579,40.67694,41.1926,41.8595,41.54675,40.42609,-0.001,-0.001,-0.001,-0.002,0,1.53846,999,-0.01998,-0.144,-0.001,-0.001,0.083217,999,999,0,0,0,0,0,0,0,0,0,0,0,0,0,0,0,0
9.667,940,331.785,248.875,335.016,-84.9384,5.7528,171.0773,4.78632,999,999,19.46822,20.74924,-0.12062,41.23527,40.72178,41.17018,41.8595,41.56912,40.42609,-0.001,-0.002,-0.001,-0.001,0,2.0979,999,-0.01998,-0.144,-0.001,-0.001,0.083217,999,999,0,0,0,0,0,0,0,0,0,0,0,0,0,0,0,0
9.75,945,357.6915,256.5675,361.0728,-84.9384,7.7832,191.6713,5.29914,999,999,19.47806,20.70956,-0.12062,41.34712,40.76662,41.17018,41.83708,41.56912,40.44856,-0.001,-0.001,-0.001,-0.002,-0.04,2.11788,999,-0.01998,-0.144,-0.001,-0.001,0.083217,999,999,0,0,0,0,0,0,0,0,0,0,0,0,0,0,0,0
9.833,950,356.328,256.115,359.0424,-86.292,9.8136,187.4054,5.47008,999,999,19.82246,21.027,-0.12062,41.4366,40.81146,41.17018,41.81466,41.56912,40.44856,-0.001,-0.001,-0.001,-0.001,0,1.71828,999,-0.01998,0,-0.001,-0.001,0.083217,999,999,0,0,0,0,0,0,0,0,0,0,0,0,0,0,0,0
9.917,955,340.4205,247.5175,343.476,-88.3224,7.1064,182.9924,5.9829,999,999,19.85198,21.43372,-0.12062,41.52608,40.83388,41.1926,41.81466,41.54675,40.44856,-0.001,-0.001,-0.001,-0.001,0,1.88811,999,-0.01998,0,-0.001,-0.001,0.083217,999,999,0,0,0,0,0,0,0,0,0,0,0,0,0,0,0,0
10,1000,339.966,238.4675,342.7992,-91.368,7.4448,177.2555,5.72649,999,999,20.00942,21.55276,-0.12062,41.61556,40.87872,41.17018,41.81466,41.54675,40.44856,-0.002,-0.001,-0.001,-0.001,-0.04,1.52847,999,-0.01998,0,-0.001,-0.001,0.083217,999,999,0,0,0,0,0,0,0,0,0,0,0,0,0,0,0,0
10.083,1005,415.8675,242.9925,419.616,-94.4136,13.1976,221.0913,6.41025,999,999,20.39318,22.19756,-0.12062,41.70504,40.92356,41.1926,41.79224,41.54675,40.44856,-0.001,-0.001,-0.001,-0.001,0,1.28871,999,-0.01998,-0.144,-0.001,-0.001,0.083217,999,999,0,0,0,0,0,0,0,0,0,0,0,0,0,0,0,0
10.167,1010,440.4105,250.2325,444.6576,-98.8128,14.5512,239.773,6.92307,999,999,20.9639,23.22924,-0.12062,41.79452,40.9684,41.1926,41.76982,41.54675,40.42609,-0.001,-0.001,-0.001,-0.001,-0.04,1.76823,999,-0.01998,0,-0.001,-0.001,0.083217,999,999,0,0,0,0,0,0,0,0,0,0,0,0,0,0,0,0
10.25,1015,478.5885,264.7125,481.8816,-98.8128,11.5056,264.6329,7.77777,999,999,20.93438,22.94156,-0.12062,41.90637,40.99082,41.1926,41.79224,41.54675,40.42609,-0.001,-0.002,-0.001,-0.001,-0.04,2.46753,999,-0.01998,0.144,-0.001,-0.001,0.083217,999,999,0,0,0,0,0,0,0,0,0,0,0,0,0,0,0,0
10.333,1020,509.04,283.265,511.6608,-97.7976,15.9048,288.1689,8.37606,999,999,21.3083,23.12012,-0.12062,42.01822,41.03566,41.1926,41.76982,41.52438,40.42609,-0.001,-0.001,-0.001,-0.002,-0.04,1.84815,999,-0.01998,-0.144,-0.001,-0.001,0.083217,999,999,0.0003,0,0,0,0,0,0,0,0,0,0,0,0,0,0,0
10.417,1025,517.6755,300.0075,519.7824,-96.444,17.9352,302.4376,8.80341,999,999,21.77078,24.24108,-0.12062,42.13007,41.05808,41.1926,41.7474,41.52438,40.42609,-0.001,-0.001,-0.001,-0.001,0,1.998,999,-0.01998,0,-0.001,-0.001,0.083217,999,999,0,0,0,0,0,0,0,0,0,0,0,0,0,0,0,0
10.5,1030,524.0385,313.5825,526.5504,-95.0904,16.2432,309.0571,9.48717,999,999,21.87902,24.45932,-0.1305,42.26429,41.10292,41.1926,41.76982,41.52438,40.42609,-0.001,-0.001,-0.001,-0.001,0,2.41758,999,-0.01998,0.144,-0.001,-0.001,0.083217,999,999,0,0,0,0,0,0,0,0,0,0,0,0,0,0,0,0
10.583,1035,473.1345,311.7725,475.1136,-94.4136,14.2128,275.5183,10.08546,999,999,21.96758,24.42956,-0.12062,42.42088,41.17018,41.21502,41.7474,41.50201,40.44856,-0.001,-0.001,-0.001,-0.001,0,2.50749,999,-0.01998,0,-0.001,-0.001,0.083133,999,999,0,0,0,0,0,0,0,0,0,0,0,0,0,0,0,0
10.667,1040,412.2315,298.1975,414.54,-94.4136,7.1064,233.3006,10.51281,999,999,21.58382,23.76492,-0.12062,42.57747,41.23744,41.21502,41.76982,41.52438,40.42609,-0.001,-0.001,-0.001,-0.001,0.04,2.82717,999,-0.01998,0,-0.001,-0.001,0.083217,999,999,0,0,0,0,0,0,0,0,0,0,0,0,0,0,0,0
10.75,1045,375.8715,265.165,377.9928,-95.4288,8.1216,198.1437,10.51281,999,999,21.32798,23.10028,-0.12062,42.71169,41.25986,41.21502,41.72498,41.50201,40.42609,-0.001,-0.001,-0.001,-0.001,0,2.02797,999,-0.01998,-0.144,-0.001,-0.001,0.083133,999,999,0,0,0,0,0,0,0,0,0,0,0,0,0,0,0,0
10.833,1050,332.2395,230.775,335.016,-98.4744,2.7072,172.4012,10.59828,999,999,21.05246,22.75308,-0.12062,42.80117,41.3047,41.23744,41.72498,41.50201,40.42609,0,-0.001,-0.001,-0.001,0,2.50749,999,-0.01998,0,-0.001,-0.001,0.083217,999,999,0,0,0,0,0,0,0,0,0,0,0,0,0,0,0,0
10.917,1055,382.689,211.77,387.468,-100.1664,3.7224,203.5864,9.91452,999,999,20.80646,22.10828,-0.12062,42.89065,41.37196,41.25986,41.72498,41.50201,40.42609,-0.002,-0.001,-0.001,-0.001,-0.04,3.16683,999,-0.01998,-0.144,-0.001,-0.001,0.083133,999,999,0,0,0,0,0,0,0,0,0,0,0,0,0,0,0,0
11,1100,505.404,204.9825,511.9992,-101.52,12.1824,280.0784,9.4017,999,999,21.18038,22.28684,-0.12062,42.95776,41.4168,41.25986,41.70256,41.50201,40.42609,0,-0.001,-0.001,-0.002,0,3.51648,999,-0.01998,0.144,-0.001,-0.001,0.083217,999,999,0,0,0,0,0,0,0,0,0,0,0,0,0,0,0,0
11.083,1105,537.219,194.575,543.132,-104.2272,16.5816,303.4673,8.71794,999,999,21.81014,23.02092,-0.11074,43.02487,41.48406,41.28228,41.70256,41.50201,40.42609,-0.001,-0.001,-0.001,-0.002,0,3.01698,999,-0.01998,0.504,-0.001,-0.001,0.083133,999,999,0,0,0,0,0,0,0,0,0,0,0,0,0,0,0,0
11.167,1110,633.1185,181.905,638.5608,-105.9192,21.3192,376.576,9.31623,999,999,22.35134,24.04268,-0.12062,43.06961,41.5289,41.28228,41.68014,41.50201,40.42609,-0.001,-0.001,-0.001,0,-0.04,3.10689,999,-0.01998,0.144,-0.001,-0.001,0.083133,999,999,0,0,0,0,0,0,0,0,0,0,0,0,0,0,0,0
11.25,1115,546.7635,210.4125,550.5768,-106.9344,18.9504,329.504,9.48717,999,999,22.74494,25.07436,-0.12062,43.18146,41.59616,41.3047,41.68014,41.50201,40.44856,-0.001,-0.001,-0.001,-0.002,0,3.33666,999,-0.01998,0.144,-0.001,-0.001,0.083133,999,999,0,0,0,0,0,0,0,0,0,0,0,0,0,0,0,0
11.333,1120,453.591,211.77,457.5168,-105.5808,10.4904,259.1902,11.28204,999,999,22.08566,24.19148,-0.12062,43.29331,41.641,41.32712,41.68014,41.47964,40.44856,-0.001,-0.001,-0.001,-0.001,-0.04,3.04695,999,-0.01998,-0.144,-0.001,-0.001,0.083133,999,999,0.0003,0.0003,0,0,0,0,0,0,0,0,0,0,0,0,0,0
11.417,1125,554.49,193.67,559.0368,-105.9192,20.9808,313.6172,11.45298,999,999,22.43006,24.41964,-0.12062,43.42753,41.68584,41.34954,41.65772,41.47964,40.42609,-0.001,-0.001,-0.001,-0.001,-0.1,2.1978,999,-0.01998,0,-0.001,-0.001,0.083133,999,999,0,0,0,0,0,0,0,0,0,0,0,0,0,0,0,0
11.5,1130,719.4735,166.9725,723.8376,-108.6264,27.072,441.8884,11.53845,999,999,22.99094,25.62988,-0.12062,43.53938,41.7531,41.34954,41.68014,41.45727,40.42609,-0.001,-0.001,-0.001,-0.001,0,3.7962,999,-0.01998,0,-0.001,-0.001,0.083133,999,999,0,0,0,0,0,0,0,0,0,0,0,0,0,0,0,0
11.583,1135,709.4745,159.7325,711.9936,-106.9344,28.764,434.5334,12.8205,999,999,23.23694,26.00684,-0.1305,43.62886,41.79794,41.37196,41.65772,41.47964,40.42609,-0.002,-0.001,-0.001,-0.001,0,3.33666,999,-0.01998,0.144,-0.001,-0.001,0.083133,999,999,0,0,0,0,0,0,0,0,0,0,0,0,0,0,0,0
11.667,1140,800.3745,195.0275,799.9776,-98.4744,33.84,500.8755,14.18802,999,999,23.5715,26.61196,-0.12062,43.78545,41.8652,41.37196,41.68014,41.45727,40.42609,-0.001,-0.001,-0.001,-0.002,0,3.60639,999,-0.01998,0,-0.001,-0.001,0.083133,999,999,0.0007,0.0007,0,0,0,0,0,0,0,0,0,0,0,0,0,0
11.75,1145,895.365,282.8125,891.3456,-90.3528,45.3456,555.8909,15.12819,999,999,24.5063,27.78252,-0.1305,43.96441,41.93246,41.4168,41.65772,41.45727,40.42609,-0.001,-0.001,-0.001,-0.001,0,2.94705,999,-0.01998,0,-0.001,-0.001,0.083133,999,999,0,0,0,0,0,0,0,0,0,0,0,0,0,0,0,0
11.833,1150,745.38,421.73,740.4192,-71.7408,37.5624,501.0226,16.66665,999,999,24.9983,29.10188,-0.12062,44.14337,41.95488,41.4168,41.68014,41.45727,40.42609,-0.001,-0.001,-0.001,-0.001,-0.04,3.35664,999,-0.01998,0.144,-0.001,-0.001,0.083133,999,999,0,0,0,0,0,0,0,0,0,0,0,0,0,0,0,0
11.917,1155,472.2255,402.725,469.3608,-62.2656,19.9656,291.4051,18.71793,999,999,24.05366,27.86188,-0.12062,44.36707,42.02214,41.46164,41.68014,41.45727,40.42609,-0.001,-0.001,-0.001,-0.001,-0.04,2.06793,999,-0.01998,-0.36,-0.001,-0.001,0.014577,999,999,0.0007,0,0,0,0,0,0,0,0,0,0,0,0,0,0,0
12,1200,790.3755,425.35,785.4264,-80.8776,34.5168,495.5799,19.31622,999,999,24.64406,27.9214,-0.12062,44.5684,42.11182,41.46164,41.65772,41.4349,40.42609,-0.002,-0.001,-0.001,-0.002,-0.04,3.13686,999,-0.01998,0.36,-0.001,-0.001,0.064474,999,999,0,0,0,0,0,0,0,0,0,0,0,0,0,0,0,0
12.083,1205,750.3795,394.58,746.172,-92.7216,34.8552,477.9279,19.05981,999,999,25.43126,29.211,-0.12062,44.74736,42.17908,41.48406,41.65772,41.4349,40.40362,-0.001,-0.001,-0.001,-0.001,-0.04,3.44655,999,-0.01998,0,-0.001,-0.001,0.08305,999,999,0,0,0,0,0,0,0,0,0,0,0,0,0,0,0,0
12.167,1210,469.044,353.4025,466.6536,-90.0144,16.5816,271.8408,19.99998,999,999,24.4571,28.3182,-0.12062,44.90395,42.24634,41.50648,41.65772,41.4349,40.42609,-0.002,-0.001,-0.001,-0.001,0.04,2.78721,999,-0.01998,0.144,-0.001,-0.001,0.041733,999,999,0,0,0,0,0,0,0,0,0,0,0,0,0,0,0,0
12.25,1215,471.771,372.86,471.0528,-82.2312,10.4904,277.4306,19.91451,999,999,23.38454,25.987,-0.12062,45.08291,42.33602,41.5289,41.6353,41.4349,40.42609,-0.001,-0.001,-0.001,-0.002,0.04,3.88611,999,-0.01998,-0.36,-0.001,-0.001,0.01691,999,999,0,0,0,0,0,0,0,0,0,0,0,0,0,0,0,0
12.333,1220,589.941,408.155,589.4928,-75.4632,20.6424,357.453,18.37605,999,999,23.70926,25.75884,-0.12062,45.19476,42.40328,41.55132,41.6353,41.4349,40.42609,-0.001,-0.001,-0.001,-0.001,0,3.82617,999,-0.01998,0.36,-0.001,-0.001,0.078802,999,999,0,0,0,0,0,0,0,0,0,0,0,0,0,0,0,0
12.417,1225,464.499,390.5075,463.9464,-68.3568,13.536,286.2566,17.00853,999,999,23.45342,25.32236,-0.12062,45.28424,42.49296,41.57374,41.65772,41.41253,40.42609,-0.001,-0.001,-0.002,-0.002,0,3.78621,999,-0.01998,-0.36,-0.001,-0.001,0.004581,999,999,0,0,0,0,0,0,0,0,0,0,0,0,0,0,0,0
12.5,1230,432.2295,356.1175,432.4752,-60.2352,14.5512,267.1336,15.64101,999,999,23.61086,25.07436,-0.12062,45.35135,42.56022,41.59616,41.65772,41.41253,40.40362,-0.001,-0.001,-0.001,0,0,3.36663,999,-0.01998,0.36,-0.001,-0.001,0.028822,999,999,0,0,0,0,0,0,0,0,0,0,0,0,0,0,0,0
12.583,1235,359.5095,324.4425,360.0576,-54.4824,9.1368,224.3275,14.87178,999,999,23.4731,24.8958,-0.12062,45.39609,42.6499,41.61858,41.65772,41.41253,40.42609,-0.001,-0.001,-0.001,-0.002,-0.04,3.34665,999,-0.01998,0.144,-0.001,-0.001,0.003249,999,999,0,0,0,0,0,0,0,0,0,0,0,0,0,0,0,0
12.667,1240,338.6025,299.555,340.4304,-49.4064,6.0912,218.8848,13.50426,999,999,22.94174,24.13196,-0.12062,45.41846,42.73958,41.66342,41.6353,41.41253,40.40362,-0.001,-0.001,-0.001,-0.001,0,4.30569,999,-0.01998,-0.144,-0.001,-0.001,0.003249,999,999,0,0,0,0,0,0,0,0,0,0,0,0,0,0,0,0
12.75,1245,234.9765,213.58,235.8648,-45.0072,2.3688,145.4819,12.56409,999,999,22.50878,23.41772,-0.12062,45.44083,42.80684,41.68584,41.61288,41.41253,40.42609,-0.001,-0.001,-0.001,-0.002,0,3.06693,999,-0.01998,0.504,-0.001,-0.001,0.003249,999,999,0,0,0,0,0,0,0,0,0,0,0,0,0,0,0,0
12.833,1250,148.167,134.845,149.5728,-39.5928,-4.3992,88.9955,10.76922,999,999,21.5543,22.08844,-0.12062,45.4632,42.8741,41.70826,41.6353,41.41253,40.42609,-0.001,-0.001,-0.001,-0.001,0.04,4.67532,999,-0.01998,-0.144,-0.001,-0.001,0.003249,999,999,0,0,0,0,0,0,0,0,0,0,0,0,0,0,0,0
12.917,1255,110.898,99.55,110.9952,-36.2088,-5.076,62.2233,9.65811,999,999,20.85566,20.779,-0.12062,45.41846,42.94136,41.7531,41.65772,41.41253,40.44856,-0.001,-0.001,-0.002,-0.001,0,4.60539,999,-0.01998,-0.144,-0.001,-0.001,0.003165,999,999,0,0,0,0,0,0,0,0,0,0,0,0,0,0,0,0
13,1300,114.9885,104.98,115.3944,-34.8552,-4.7376,61.6349,7.00854,999,999,20.67854,20.27308,-0.12062,45.37372,43.03104,41.77552,41.65772,41.41253,40.44856,-0.001,-0.001,-0.001,-0.002,-0.04,3.96603,999,-0.01998,0,-0.001,-0.001,0.003249,999,999,0,0,0,0,0,0,0,0,0,0,0,0,0,0,0,0
13.083,1305,151.3485,139.37,151.9416,-36.8856,-2.0304,85.6122,5.21367,999,999,20.69822,20.1838,-0.12062,45.28424,43.07588,41.82036,41.65772,41.41253,40.44856,-0.001,-0.001,-0.001,-0.001,0,4.07592,999,-0.01998,-0.36,-0.001,-0.001,0.003165,999,999,0,0,0,0,0,0,0,0,0,0,0,0,0,0,0,0
13.167,1310,155.8935,141.18,156.6792,-37.5624,-1.0152,84.7296,4.10256,999,999,20.82614,20.40204,-0.12062,45.19476,43.12072,41.84278,41.68014,41.41253,40.44856,-0.001,-0.002,-0.001,-0.001,0,3.46653,999,-0.01998,-0.36,-0.001,-0.001,0.003249,999,999,0,0,0,0,0,0,0,0,0,0,0,0,0,0,0,0
13.25,1315,155.439,138.465,156.0024,-39.2544,-0.6768,84.8767,2.73504,999,999,21.02294,20.65004,-0.1305,45.08291,43.16556,41.88762,41.68014,41.39016,40.44856,-0.001,-0.001,-0.001,-0.001,-0.1,2.76723,999,-0.01998,-0.144,-0.001,-0.001,0.003165,999,999,0,0,0,0,0,0,0,0,0,0,0,0,0,0,0,0
13.333,1320,156.348,142.085,159.3864,-40.9464,-0.6768,86.0535,2.30769,999,999,21.0131,20.64012,-0.12062,44.99343,43.2104,41.93246,41.68014,41.39016,40.40362,-0.001,-0.001,-0.001,-0.002,-0.1,3.50649,999,-0.01998,-0.36,-0.002,-0.001,0.003249,999,999,0,0,0,0,0,0,0,0,0,0,0,0,0,0,0,0
13.417,1325,160.4385,147.9675,163.4472,-46.0224,-1.692,85.7593,2.39316,999,999,20.79662,20.52108,-0.12062,44.92632,43.23282,41.95488,41.68014,41.39016,40.42609,-0.001,-0.001,-0.001,-0.001,-0.04,3.28671,999,-0.01998,0,-0.001,-0.001,0.003249,999,999,0.0007,0.0007,0,0,0,0,0,0,0,0,0,0,0,0,0,0
13.5,1330,153.621,138.465,154.6488,-47.376,1.0152,75.021,1.62393,999,999,20.93438,20.70956,-0.12062,44.88158,43.25524,41.99972,41.68014,41.39016,40.40362,-0.001,-0.001,-0.002,-0.001,0,2.51748,999,-0.01998,-0.144,-0.001,-0.001,0.003082,999,999,0,0,0,0,0,0,0,0,0,0,0,0,0,0,0,0
13.583,1335,139.5315,126.7,140.7744,-45.684,-1.3536,68.4015,1.45299,999,999,21.0623,20.78892,-0.12062,44.81447,43.30008,42.02214,41.70256,41.39016,40.42609,-0.001,-0.001,-0.001,-0.002,-0.04,2.00799,999,-0.01998,-0.144,-0.001,-0.001,0.003332,999,999,0.0003,0,0,0,0,0,0,0,0,0,0,0,0,0,0,0
13.667,1340,135.8955,119.46,136.0368,-43.3152,-1.692,56.3393,1.88034,999,999,20.95406,20.68972,-0.12062,44.76973,43.30008,42.06698,41.70256,41.39016,40.42609,-0.001,-0.001,-0.001,-0.001,-0.04,2.8971,999,-0.01998,-0.504,-0.001,-0.001,0.003249,999,999,0,0,0,0,0,0,0,0,0,0,0,0,0,0,0,0
13.75,1345,125.8965,109.9575,125.5464,-42.3,-4.0608,44.4242,1.53846,999,999,20.56046,20.30284,-0.12062,44.70262,43.3225,42.0894,41.70256,41.39016,40.40362,-0.001,-0.001,-0.001,-0.001,-0.04,3.25674,999,-0.01998,0,-0.001,-0.001,0.003165,999,999,0,0,0,0,0,0,0,0,0,0,0,0,0,0,0,0
13.833,1350,110.898,100.9075,112.3488,-40.608,-5.7528,23.2418,1.45299,999,999,20.23574,19.95564,-0.1305,44.65788,43.3225,42.13424,41.72498,41.36779,40.42609,-0.001,-0.001,-0.001,-0.001,0,3.81618,999,-0.01998,-0.144,-0.001,-0.001,0.003165,999,999,0,0,0,0,0,0,0,0,0,0,0,0,0,0,0,0
13.917,1355,103.626,91.8575,103.5504,-39.2544,-4.7376,-17.652,0.68376,999,999,19.7339,19.4398,-0.12062,44.59077,43.34492,42.15666,41.70256,41.36779,40.44856,-0.001,-0.001,-0.001,-0.001,-0.3,3.54645,999,-0.01998,-0.144,-0.001,-0.001,0.003249,999,999,0.0007,0,0,0,0,0,0,0,0,0,0,0,0,0,0,0
14,1400,93.1725,85.07,96.444,-38.5776,-5.076,29.42,0.68376,999,999,19.77326,19.15212,-0.12062,44.52366,43.36734,42.17908,41.70256,41.39016,40.42609,-0.001,-0.001,-0.001,-0.002,0,3.71628,999,-0.01998,-0.144,-0.001,-0.001,0.003249,999,999,0,0,0,0,0,0,0,0,0,0,0,0,0,0,0,0
14.083,1405,88.173,79.64,91.0296,-36.2088,-4.0608,36.4808,0.08547,999,999,19.8815,19.16204,-0.12062,44.47892,43.34492,42.2015,41.72498,41.36779,40.42609,-0.001,-0.001,-0.001,-0.001,0,2.66733,999,-0.01998,-0.144,-0.001,-0.001,0.003165,999,999,0,0,0,0,0,0,0,0,0,0,0,0,0,0,0,0
14.167,1410,87.7185,78.735,87.984,-35.1936,-4.7376,38.5402,-0.34188,999,999,19.94054,19.22156,-0.1305,44.38944,43.36734,42.22392,41.7474,41.36779,40.42609,-0.001,-0.001,-0.002,-0.002,0,2.61738,999,-0.01998,-0.144,-0.001,-0.001,0.003165,999,999,0,0,0,0,0,0,0,0,0,0,0,0,0,0,0,0
14.25,1415,81.81,73.7575,82.2312,-32.8248,-4.7376,-17.5049,-0.68376,999,999,19.72406,19.23148,-0.12062,44.32233,43.36734,42.26876,41.72498,41.36779,40.44856,-0.002,-0.001,-0.001,0,0,2.98701,999,-0.01998,-0.36,-0.001,-0.001,0.003249,999,999,0,0,0,0,0,0,0,0,0,0,0,0,0,0,0,0
14.333,1420,74.9925,67.4225,75.4632,-19.6272,-3.384,-141.3631,-0.51282,999,999,18.03158,18.8942,-0.12062,44.25522,43.34492,42.26876,41.7474,41.36779,40.42609,-0.001,-0.001,-0.001,-0.001,-0.04,3.22677,999,-0.01998,0,-0.001,-0.001,0.003249,999,999,0,0,0,0,0,0,0,0,0,0,0,0,0,0,0,0
14.417,1425,74.538,66.5175,77.4936,-13.1976,-1.3536,-112.0902,-0.8547,999,999,16.82126,18.11052,-0.12062,44.16574,43.36734,42.3136,41.7474,41.36779,40.44856,-0.001,-0.001,-0.001,-0.002,0.14,3.46653,999,-0.01998,0,-0.001,-0.001,0.003165,999,999,0,0,0,0,0,0,0,0,0,0,0,0,0,0,0,0
14.5,1430,66.357,60.1825,69.372,-8.1216,1.3536,-77.2275,-1.02564,999,999,16.99838,17.99148,-0.12062,44.09863,43.34492,42.3136,41.76982,41.36779,40.42609,-0.001,-0.001,-0.001,-0.002,0.2,2.4975,999,-0.01998,-0.144,-0.001,-0.001,0.003165,999,999,0,0,0,0,0,0,0,0,0,0,0,0,0,0,0,0
14.583,1435,59.994,53.395,62.9424,-6.768,2.7072,-63.8414,-1.62393,999,999,17.0771,18.04108,-0.12062,44.03152,43.36734,42.33602,41.76982,41.36779,40.44856,-0.001,-0.001,-0.001,-0.001,0.34,2.43756,999,-0.01998,0.144,-0.001,-0.001,0.003332,999,999,0,0,0,0,0,0,0,0,0,0,0,0,0,0,0,0
14.667,1440,65.448,59.73,68.0184,-6.4296,4.3992,-53.3973,-1.79487,999,999,16.8803,17.89228,-0.11074,43.94204,43.34492,42.35844,41.76982,41.36779,40.44856,-0.001,-0.001,-0.001,-0.002,0.48,2.55744,999,-0.01998,-0.144,-0.001,-0.001,0.003332,999,999,0.0007,0.0007,0,0,0,0,0,0,0,0,0,0,0,0,0,0
14.75,1445,64.9935,58.3725,67.0032,-6.0912,4.3992,-44.4242,-1.53846,999,999,16.80158,17.76332,-0.12062,43.83019,43.3225,42.38086,41.76982,41.36779,40.42609,-0.001,-0.002,-0.001,-0.002,0.78,2.88711,999,-0.01998,-0.36,-0.001,-0.001,0.003415,999,999,0,0,0,0,0,0,0,0,0,0,0,0,0,0,0,0
14.833,1450,57.267,48.87,58.8816,-5.7528,2.3688,-43.6887,-2.05128,999,999,16.86062,17.59468,-0.12062,43.74071,43.3225,42.40328,41.76982,41.36779,40.42609,-0.001,-0.002,-0.001,-0.001,0.92,2.96703,999,-0.01998,-0.144,-0.001,-0.001,0.003415,999,999,0,0,0,0,0,0,0,0,0,0,0,0,0,0,0,0
14.917,1455,50.4495,45.25,53.8056,-5.7528,2.7072,-40.0112,-2.13675,999,999,17.10662,17.37644,-0.1305,43.65123,43.30008,42.4257,41.79224,41.34542,40.44856,-0.002,-0.001,-0.001,-0.001,1.12,3.00699,999,-0.01998,-0.144,-0.001,-0.001,0.003415,999,999,0,0,0,0,0,0,0,0,0,0,0,0,0,0,0,0
15,1500,56.358,47.5125,56.5128,-5.4144,3.0456,-30.891,-2.13675,999,999,17.06726,17.38636,-0.11074,43.56175,43.27766,42.4257,41.81466,41.34542,40.44856,-0.001,-0.001,-0.001,-0.001,1.32,3.10689,999,-0.01998,0.36,-0.001,-0.001,0.003499,999,999,0,0,0,0,0,0,0,0,0,0,0,0,0,0,0,0
15.083,1505,57.7215,53.395,60.5736,-5.4144,4.3992,-16.9165,-2.47863,999,999,17.06726,17.28716,-0.12062,43.47227,43.27766,42.44812,41.83708,41.34542,40.44856,-0.001,-0.001,-0.001,-0.001,1.56,2.78721,999,-0.01998,-0.144,-0.001,-0.001,0.003415,999,999,0,0,0,0,0,0,0,0,0,0,0,0,0,0,0,0
15.167,1510,55.9035,49.775,58.5432,-5.4144,3.7224,-13.3861,-2.13675,999,999,17.14598,17.3566,-0.11074,43.38279,43.25524,42.47054,41.81466,41.34542,40.44856,-0.001,-0.001,-0.001,-0.001,1.8,2.71728,999,-0.01998,-0.36,-0.001,-0.001,0.003582,999,999,0.0007,0,0,0,0,0,0,0,0,0,0,0,0,0,0,0
15.25,1515,59.085,53.395,60.912,-5.4144,4.3992,-10.5912,-2.82051,999,999,17.05742,17.3566,-0.11074,43.29331,43.23282,42.47054,41.8595,41.34542,40.42609,-0.001,-0.001,-0.001,-0.001,1.9,2.74725,999,-0.01998,-0.144,-0.001,-0.001,0.003499,999,999,0,0,0,0,0,0,0,0,0,0,0,0,0,0,0,0
15.333,1520,64.539,59.2775,66.6648,-5.4144,4.3992,-2.3536,-2.64957,999,999,17.21486,17.47564,-0.12062,43.18146,43.2104,42.47054,41.83708,41.34542,40.44856,-0.001,-0.001,-0.001,-0.001,2.1,2.0979,999,-0.01998,-0.36,-0.001,-0.001,0.003499,999,999,0,0,0,0,0,0,0,0,0,0,0,0,0,0,0,0
15.417,1525,65.448,56.5625,67.0032,-5.076,4.0608,-1.9123,-2.90598,999,999,17.1755,17.52524,-0.11074,43.11435,43.16556,42.49296,41.8595,41.34542,40.42609,-0.001,-0.001,-0.001,-0.001,2.3,2.50749,999,-0.01998,-0.144,-0.001,-0.001,0.003665,999,999,0,0,0,0,0,0,0,0,0,0,0,0,0,0,0,0
15.5,1530,71.3565,61.54,72.0792,-5.076,5.4144,2.942,-2.82051,999,999,17.31326,17.62444,-0.12062,43.04724,43.14314,42.49296,41.8595,41.34542,40.42609,-0.001,-0.001,-0.001,-0.001,2.5,2.14785,999,-0.01998,-0.144,-0.001,-0.001,0.003499,999,999,0,0,0,0,0,0,0,0,0,0,0,0,0,0,0,0
15.583,1535,80.4465,72.8525,83.2464,-5.076,4.7376,4.8543,-2.82051,999,999,17.24438,17.64428,-0.12062,42.98013,43.12072,42.49296,41.8595,41.34542,40.44856,0,-0.002,-0.002,0,2.64,2.74725,999,-0.01998,0,-0.001,-0.001,0.003582,999,999,0,0,0,0,0,0,0,0,0,0,0,0,0,0,0,0
15.667,1540,80.901,68.3275,81.8928,-4.7376,4.7376,9.8557,-2.5641,999,999,17.23454,17.66412,-0.12062,42.89065,43.0983,42.49296,41.88192,41.32305,40.44856,-0.002,-0.001,-0.001,-0.002,2.92,2.47752,999,-0.01998,0,-0.001,-0.001,0.003499,999,999,0,0,0,0,0,0,0,0,0,0,0,0,0,0,0,0
15.75,1545,69.5385,60.635,72.0792,-4.7376,4.7376,0.1471,-2.39316,999,999,17.13614,17.6046,-0.12062,42.84591,43.05346,42.51538,41.88192,41.32305,40.44856,-0.001,-0.001,-0.001,-0.002,3.36,3.65634,999,-0.01998,-0.144,-0.001,-0.001,0.003499,999,999,0,0,0,0,0,0,0,0,0,0,0,0,0,0,0,0
15.833,1550,77.265,69.685,78.8472,-4.7376,5.4144,8.0905,-2.64957,999,999,17.03774,17.4062,-0.12062,42.7788,43.03104,42.51538,41.88192,41.34542,40.42609,-0.001,-0.001,-0.001,-0.001,3.32,3.5964,999,-0.01998,0,-0.001,-0.001,0.003499,999,999,0,0,0,0,0,0,0,0,0,0,0,0,0,0,0,0
15.917,1555,72.2655,65.16,74.448,-4.7376,5.076,4.1188,-2.47863,999,999,17.04758,17.49548,-0.12062,42.71169,42.9862,42.51538,41.88192,41.32305,40.44856,-0.001,-0.002,-0.001,-0.001,3.56,3.55644,999,-0.01998,0,-0.001,-0.001,0.003499,999,999,0,0,0,0,0,0,0,0,0,0,0,0,0,0,0,0
16,1600,72.2655,64.7075,74.1096,-4.7376,4.7376,5.1485,-2.39316,999,999,16.94918,17.38636,-0.12062,42.66695,42.9862,42.51538,41.88192,41.32305,40.42609,-0.001,-0.001,-0.001,-0.001,3.76,3.46653,999,-0.01998,0,-0.001,-0.001,0.003499,999,999,0,0,0,0,0,0,0,0,0,0,0,0,0,0,0,0
16.083,1605,67.7205,60.1825,69.0336,-4.7376,4.3992,4.5601,-1.96581,999,999,17.01806,17.43596,-0.12062,42.59984,42.94136,42.51538,41.90434,41.32305,40.44856,-0.001,-0.001,-0.001,-0.001,3.9,3.06693,999,-0.01998,0,-0.001,-0.001,0.003499,999,999,0,0,0,0,0,0,0,0,0,0,0,0,0,0,0,0
16.167,1610,60.4485,55.6575,62.9424,-4.7376,3.7224,2.2065,-2.47863,999,999,16.99838,17.3566,-0.12062,42.53273,42.91894,42.51538,41.90434,41.32305,40.44856,-0.001,-0.002,-0.001,-0.001,3.86,3.94605,999,-0.01998,0,-0.001,-0.001,0.003582,999,999,0.0007,0.0007,0,0,0,0,0,0,0,0,0,0,0,0,0,0
16.25,1615,65.9025,57.015,67.3416,-4.7376,4.3992,4.413,-2.39316,999,999,16.99838,17.38636,-0.12062,42.46562,42.8741,42.51538,41.88192,41.32305,40.47103,-0.002,-0.001,-0.001,-0.001,4.16,3.62637,999,-0.01998,-0.36,-0.001,-0.001,0.003582,999,999,0,0,0,0,0,0,0,0,0,0,0,0,0,0,0,0
16.333,1620,54.54,47.965,56.8512,-4.7376,5.7528,-0.4413,-2.30769,999,999,17.01806,17.39628,-0.12062,42.42088,42.85168,42.51538,41.92676,41.32305,40.42609,-0.002,-0.001,-0.001,-0.001,4.3,3.56643,999,-0.01998,-0.144,-0.001,-0.001,0.003582,999,999,0,0,0,0,0,0,0,0,0,0,0,0,0,0,0,0
16.417,1625,71.3565,65.16,73.0944,-4.7376,4.0608,12.2093,-2.30769,999,999,17.09678,17.4558,-0.11074,42.37614,42.82926,42.49296,41.90434,41.32305,40.42609,-0.001,-0.001,-0.001,0,4.3,2.95704,999,-0.01998,-0.144,-0.001,-0.001,0.003499,999,999,0,0,0,0,0,0,0,0,0,0,0,0,0,0,0,0
16.5,1630,64.539,56.11,65.3112,-4.7376,2.3688,7.7963,-2.39316,999,999,17.21486,17.53516,-0.14038,42.30903,42.80684,42.51538,41.92676,41.32305,40.44856,-0.001,-0.001,-0.001,-0.001,4.54,3.27672,999,-0.01998,0.144,-0.001,-0.001,0.003582,999,999,0,0,0,0,0,0,0,0,0,0,0,0,0,0,0,0
16.583,1635,63.63,57.92,66.3264,-4.3992,4.7376,9.1202,-2.82051,999,999,17.2247,17.67404,-0.12062,42.26429,42.762,42.51538,41.92676,41.32305,40.42609,-0.001,-0.001,-0.001,-0.001,4.64,2.96703,999,-0.01998,-0.144,-0.001,-0.001,0.003582,999,999,0,0,0,0,0,0,0,0,0,0,0,0,0,0,0,0
16.667,1640,60.4485,57.92,60.912,-4.7376,4.3992,7.355,-1.96581,999,999,17.25422,17.7038,-0.12062,42.21955,42.73958,42.51538,41.94918,41.30068,40.42609,-0.001,-0.001,-0.001,-0.001,4.64,2.83716,999,-0.01998,-0.144,-0.001,-0.001,0.003499,999,999,0,0,0,0,0,0,0,0,0,0,0,0,0,0,0,0
16.75,1645,96.8085,89.1425,98.4744,-4.3992,4.0608,20.8882,-1.96581,999,999,17.28374,17.803,-0.1305,42.17481,42.69474,42.49296,41.92676,41.32305,40.42609,-0.001,-0.001,-0.001,-0.002,4.78,3.67632,999,-0.01998,0,-0.001,-0.001,0.003499,999,999,0,0,0,0,0,0,0,0,0,0,0,0,0,0,0,0
16.833,1650,141.3495,128.0575,144.1584,-4.0608,5.7528,46.6307,-1.53846,999,999,17.44118,18.09068,-0.12062,42.15244,42.69474,42.49296,41.94918,41.32305,40.44856,-0.001,-0.001,-0.001,-0.001,4.88,3.21678,999,-0.01998,-0.144,-0.001,-0.001,0.003499,999,999,0,0,0,0,0,0,0,0,0,0,0,0,0,0,0,0
16.917,1655,95.8995,87.3325,97.7976,-4.3992,6.0912,19.5643,-1.88034,999,999,17.49038,18.1998,-0.12062,42.13007,42.6499,42.49296,41.94918,41.30068,40.44856,-0.001,-0.002,-0.001,-0.001,4.84,3.84615,999,-0.01998,0.144,-0.001,-0.001,0.003582,999,999,0,0,0,0,0,0,0,0,0,0,0,0,0,0,0,0
17,1700,85.446,77.83,88.3224,-4.3992,6.0912,15.4455,-1.19658,999,999,17.45102,18.1502,-0.12062,42.13007,42.62748,42.47054,41.94918,41.30068,40.44856,-0.001,-0.001,-0.001,-0.002,4.88,3.6963,999,-0.01998,0.144,-0.001,-0.001,0.003582,999,999,0,0,0,0,0,0,0,0,0,0,0,0,0,0,0,0
17.083,1705,66.357,62.8975,68.6952,-4.7376,3.7224,5.7369,-0.8547,999,999,17.39198,18.02124,-0.12062,42.13007,42.60506,42.47054,41.94918,41.30068,40.44856,-0.001,-0.001,-0.001,-0.002,4.84,3.82617,999,-0.01998,-0.144,-0.001,-0.001,0.003582,999,999,0,0,0,0,0,0,0,0,0,0,0,0,0,0,0,0
17.167,1710,62.2665,55.205,64.6344,-4.7376,4.7376,7.5021,-0.8547,999,999,17.48054,18.08076,-0.12062,42.1077,42.58264,42.44812,41.94918,41.30068,40.42609,-0.001,-0.001,-0.001,-0.001,4.88,3.22677,999,-0.01998,0,-0.001,-0.001,0.003582,999,999,0,0,0,0,0,0,0,0,0,0,0,0,0,0,0,0
17.25,1715,59.085,52.49,61.2504,-4.7376,4.0608,4.7072,-0.59829,999,999,17.45102,18.11052,-0.12062,42.1077,42.5378,42.44812,41.94918,41.30068,40.42609,-0.001,-0.001,-0.001,-0.001,4.88,3.35664,999,-0.01998,-0.36,-0.001,-0.001,0.003665,999,999,0,0,0,0,0,0,0,0,0,0,0,0,0,0,0,0
17.333,1720,32.724,30.77,35.8704,-5.076,2.3688,-10.5912,-0.8547,999,999,17.39198,18.02124,-0.12062,42.08533,42.51538,42.44812,41.94918,41.30068,40.42609,-0.001,-0.001,-0.001,-0.001,4.88,3.70629,999,-0.01998,0,-0.001,-0.001,0.003499,999,999,0,0,0,0,0,0,0,0,0,0,0,0,0,0,0,0
17.417,1725,33.633,29.865,35.8704,-5.076,3.0456,-7.2079,-0.59829,999,999,17.38214,17.94188,-0.12062,42.06296,42.51538,42.4257,41.9716,41.30068,40.42609,-0.001,-0.001,-0.001,-0.002,4.54,3.57642,999,-0.01998,-0.144,-0.001,-0.001,0.003499,999,999,0,0,0,0,0,0,0,0,0,0,0,0,0,0,0,0
17.5,1730,44.541,38.4625,43.3152,-5.076,4.0608,0,-0.76923,999,999,17.45102,18.07084,-0.12062,42.04059,42.49296,42.4257,41.9716,41.30068,40.44856,-0.001,-0.001,-0.001,-0.001,4.88,2.75724,999,-0.01998,-0.144,-0.001,-0.001,0.003582,999,999,0,0,0,0,0,0,0,0,0,0,0,0,0,0,0,0
17.583,1735,18.6345,16.7425,19.6272,-5.076,3.0456,-12.9448,-1.02564,999,999,17.50022,18.14028,-0.1305,42.01822,42.44812,42.40328,41.9716,41.30068,40.42609,-0.001,-0.001,-0.001,-0.001,4.88,2.44755,999,-0.01998,-0.144,-0.001,-0.001,0.003582,999,999,0,0,0,0,0,0,0,0,0,0,0,0,0,0,0,0
17.667,1740,20.907,16.7425,20.6424,-5.076,2.0304,-11.3267,-1.28205,999,999,17.4707,18.1006,-0.1305,41.97348,42.44812,42.40328,41.9716,41.30068,40.42609,-0.001,-0.001,-0.001,-0.002,4.78,2.84715,999,-0.01998,-0.144,-0.001,-0.001,0.003499,999,999,0,0,0,0,0,0,0,0,0,0,0,0,0,0,0,0
17.75,1745,29.997,29.865,32.148,-5.076,2.3688,-6.7666,-1.36752,999,999,17.4707,18.11052,-0.11074,41.97348,42.4257,42.40328,41.9716,41.30068,40.44856,-0.001,-0.002,-0.001,-0.001,4.88,3.3966,999,-0.01998,0.144,-0.001,-0.001,0.003665,999,999,0,0,0,0,0,0,0,0,0,0,0,0,0,0,0,0
17.833,1750,39.5415,34.8425,40.608,-4.7376,1.0152,-2.7949,-1.19658,999,999,17.55926,18.17996,-0.11074,41.92874,42.4257,42.38086,41.9716,41.30068,40.42609,-0.001,-0.001,-0.001,-0.001,4.98,2.8971,999,-0.01998,0.144,-0.001,-0.001,0.003499,999,999,0,0,0,0,0,0,0,0,0,0,0,0,0,0,0,0
17.917,1755,33.633,32.1275,35.8704,-5.076,2.0304,-10.0028,-0.94017,999,999,17.54942,18.17996,-0.12062,41.90637,42.40328,42.38086,41.9716,41.30068,40.44856,-0.001,-0.001,-0.001,-0.001,5.08,2.86713,999,-0.01998,-0.36,-0.001,-0.001,0.003165,999,999,0,0,0,0,0,0,0,0,0,0,0,0,0,0,0,0
18,1800,21.3615,21.2675,22.6728,-5.076,1.692,-15.1513,-0.68376,999,999,17.5691,18.13036,-0.12062,41.884,42.40328,42.35844,41.94918,41.30068,40.42609,-0.001,-0.002,-0.001,-0.001,5.12,2.73726,999,-0.01998,-0.144,-0.001,-0.001,0.003499,999,999,0,0,0,0,0,0,0,0,0,0,0,0,0,0,0,0
18.083,1805,33.1785,29.865,33.84,-4.7376,2.7072,-6.4724,-1.45299,999,999,17.59862,18.16012,-0.12062,41.884,42.35844,42.35844,41.9716,41.30068,40.42609,-0.001,-0.001,-0.001,0,5.08,2.73726,999,-0.01998,-0.144,-0.001,-0.001,0.003582,999,999,0,0,0,0,0,0,0,0,0,0,0,0,0,0,0,0
18.167,1810,49.086,43.8925,49.068,-4.7376,2.7072,-1.7652,-1.28205,999,999,17.62814,18.26924,-0.10086,41.83926,42.33602,42.35844,41.9716,41.27831,40.44856,-0.002,-0.002,-0.001,-0.001,5.02,2.72727,999,-0.01998,0.144,-0.001,-0.001,0.003249,999,999,0,0,0,0,0,0,0,0,0,0,0,0,0,0,0,0
18.25,1815,31.815,28.055,32.4864,-5.076,1.3536,-15.1513,-0.68376,999,999,17.64782,18.3486,-0.09098,41.83926,42.33602,42.33602,41.94918,41.30068,40.42609,-0.001,-0.001,-0.001,-0.001,5.02,2.95704,999,-0.01998,-0.144,-0.001,-0.001,0.003582,999,999,0,0,0,0,0,0,0,0,0,0,0,0,0,0,0,0
18.333,1820,17.271,17.6475,17.9352,-5.076,1.0152,-14.5629,-1.19658,999,999,17.63798,18.28908,-0.09098,41.81689,42.29118,42.33602,41.9716,41.30068,40.44856,-0.001,-0.002,-0.001,-0.001,5.02,2.17782,999,-0.01998,0.144,-0.001,-0.001,0.003499,999,999,0,0,0,0,0,0,0,0,0,0,0,0,0,0,0,0
18.417,1825,13.1805,8.5975,13.536,-5.076,2.3688,-17.9462,-1.19658,999,999,17.5691,18.25932,-0.10086,41.79452,42.29118,42.3136,41.99402,41.30068,40.44856,-0.001,-0.001,-0.001,-0.001,5.08,2.65734,999,-0.01998,0.36,-0.001,-0.001,0.003582,999,999,0,0,0,0,0,0,0,0,0,0,0,0,0,0,0,0
18.5,1830,16.362,14.48,16.92,-5.076,2.3688,-13.239,-0.68376,999,999,17.60846,18.22956,-0.12062,41.77215,42.26876,42.3136,41.9716,41.27831,40.42609,-0.001,-0.001,-0.001,-0.001,5.08,2.36763,999,-0.01998,0,-0.001,-0.001,0.003582,999,999,0,0,0,0,0,0,0,0,0,0,0,0,0,0,0,0
18.583,1835,19.089,17.6475,20.304,-5.076,0.6768,-14.71,-1.45299,999,999,17.59862,18.23948,-0.11074,41.77215,42.26876,42.3136,41.9716,41.27831,40.42609,-0.001,-0.001,-0.001,-0.002,5.02,3.13686,999,-0.01998,0,-0.001,-0.001,0.003582,999,999,0.0003,0.0003,0,0,0,0,0,0,0,0,0,0,0,0,0,0
18.667,1840,21.3615,21.2675,21.996,-5.076,-0.3384,-15.1513,-1.28205,999,999,17.60846,18.22956,-0.1305,41.74978,42.22392,42.29118,41.94918,41.27831,40.42609,-0.001,-0.001,-0.001,-0.001,5.02,2.83716,999,-0.01998,-0.36,-0.001,-0.001,0.003499,999,999,0,0,0,0,0,0,0,0,0,0,0,0,0,0,0,0
18.75,1845,37.269,31.675,37.9008,-5.076,1.692,-13.239,-1.36752,999,999,17.62814,18.28908,-0.12062,41.72741,42.22392,42.29118,41.9716,41.27831,40.42609,0,-0.001,-0.001,-0.001,5.08,2.98701,999,-0.01998,0,-0.001,-0.001,0.003499,999,999,0,0,0,0,0,0,0,0,0,0,0,0,0,0,0,0
18.833,1850,41.3595,38.915,42.6384,-5.076,1.692,-12.5035,-1.02564,999,999,17.67734,18.3486,-0.12062,41.70504,42.2015,42.29118,41.9716,41.27831,40.42609,-0.001,-0.001,-0.001,-0.001,5.12,2.74725,999,-0.01998,-0.144,-0.001,-0.001,0.003415,999,999,0,0,0,0,0,0,0,0,0,0,0,0,0,0,0,0
18.917,1855,54.54,50.2275,56.5128,-5.076,3.7224,-6.6195,-1.11111,999,999,17.7167,18.4478,-0.12062,41.70504,42.17908,42.26876,41.9716,41.27831,40.44856,-0.002,-0.002,-0.001,-0.001,5.12,2.70729,999,-0.01998,0.144,-0.001,-0.001,0.003582,999,999,0,0,0,0,0,0,0,0,0,0,0,0,0,0,0,0
19,1900,58.176,50.68,59.5584,-5.4144,2.0304,-13.8274,-1.7094,999,999,17.70686,18.47756,-0.12062,41.68267,42.17908,42.24634,41.9716,41.27831,40.44856,-0.001,-0.001,-0.001,-0.002,5.08,2.87712,999,-0.01998,-0.504,-0.001,-0.001,0.003499,999,999,0,0,0,0,0,0,0,0,0,0,0,0,0,0,0,0
19.083,1905,44.9955,39.82,45.684,-5.4144,1.0152,-14.5629,-0.68376,999,999,17.74622,18.4974,-0.1305,41.6603,42.17908,42.24634,41.9716,41.27831,40.44856,-0.001,-0.001,-0.001,-0.001,5.02,2.41758,999,-0.01998,-0.144,-0.001,-0.001,0.003499,999,999,0,0,0,0,0,0,0,0,0,0,0,0,0,0,0,0
19.167,1910,34.542,28.5075,34.5168,-5.4144,1.3536,-15.7397,-0.8547,999,999,17.7659,18.51724,-0.12062,41.68267,42.13424,42.22392,41.9716,41.30068,40.44856,-0.001,-0.001,-0.001,-0.002,4.98,2.22777,999,-0.01998,0.144,-0.001,-0.001,0.003499,999,999,0,0,0,0,0,0,0,0,0,0,0,0,0,0,0,0
19.25,1915,38.178,37.105,39.5928,-5.4144,1.3536,-24.5657,-0.51282,999,999,17.67734,18.45772,-0.12062,41.6603,42.11182,42.22392,41.94918,41.27831,40.44856,-0.001,-0.001,-0.001,0,5.02,2.78721,999,-0.01998,0,-0.001,-0.001,0.003582,999,999,0,0,0,0,0,0,0,0,0,0,0,0,0,0,0,0
19.333,1920,45.45,40.2725,47.7144,-5.4144,1.3536,-31.1852,-0.68376,999,999,17.57894,18.38828,-0.12062,41.6603,42.11182,42.22392,41.9716,41.30068,40.42609,-0.001,-0.001,-0.001,-0.001,5.02,3.23676,999,-0.01998,0.144,-0.001,-0.001,0.003332,999,999,0.0003,0,0,0,0,0,0,0,0,0,0,0,0,0,0,0
19.417,1925,39.5415,34.8425,41.9616,-5.7528,0,-31.4794,-0.76923,999,999,17.57894,18.37836,-0.12062,41.6603,42.11182,42.2015,41.94918,41.27831,40.42609,-0.001,-0.001,-0.001,-0.001,5.08,2.66733,999,-0.01998,-0.72,-0.001,-0.001,0.003415,999,999,0,0,0,0,0,0,0,0,0,0,0,0,0,0,0,0
19.5,1930,35.9055,32.1275,36.8856,-5.7528,2.3688,-30.1555,-0.42735,999,999,17.54942,18.36844,-0.12062,41.63793,42.0894,42.2015,41.94918,41.27831,40.42609,-0.001,-0.002,-0.001,-0.002,5.08,2.55744,999,-0.01998,0,-0.001,-0.001,0.003499,999,999,0,0,0,0,0,0,0,0,0,0,0,0,0,0,0,0
19.583,1935,33.1785,28.5075,34.1784,-5.7528,2.3688,-27.5077,-1.02564,999,999,17.52974,18.38828,-0.12062,41.63793,42.06698,42.2015,41.9716,41.27831,40.42609,-0.001,-0.001,-0.001,-0.001,4.98,2.37762,999,-0.01998,0,-0.001,-0.001,0.003499,999,999,0,0,0,0,0,0,0,0,0,0,0,0,0,0,0,0
19.667,1940,26.8155,23.53,29.4408,-5.7528,1.3536,-33.3917,-0.76923,999,999,17.4707,18.30892,-0.1305,41.63793,42.0894,42.17908,41.9716,41.27831,40.42609,-0.002,-0.001,-0.001,-0.001,5.02,2.38761,999,-0.01998,-0.144,-0.001,-0.001,0.003499,999,999,0,0,0,0,0,0,0,0,0,0,0,0,0,0,0,0
19.75,1945,27.27,23.9825,29.1024,-6.0912,0.6768,-34.8627,-0.51282,999,999,17.4215,18.28908,-0.1305,41.61556,42.04456,42.17908,41.94918,41.27831,40.42609,-0.001,-0.001,-0.001,-0.001,5.02,2.94705,999,-0.01998,0.144,-0.001,-0.001,0.003499,999,999,0,0,0,0,0,0,0,0,0,0,0,0,0,0,0,0
19.833,1950,14.9985,10.4075,15.9048,-5.7528,1.3536,-30.1555,-0.68376,999,999,17.45102,18.25932,-0.12062,41.61556,42.02214,42.15666,41.9716,41.27831,40.44856,-0.001,-0.001,-0.002,-0.001,5.08,1.66833,999,-0.01998,-0.144,-0.001,-0.001,0.003582,999,999,0,0,0,0,0,0,0,0,0,0,0,0,0,0,0,0
19.917,1955,9.999,7.24,11.1672,-5.7528,-0.3384,-41.4822,-0.68376,999,999,17.39198,18.2494,-0.12062,41.59319,42.02214,42.15666,41.94918,41.27831,40.40362,-0.001,-0.001,-0.001,-0.002,5.08,2.81718,999,-0.01998,-0.144,-0.001,-0.001,0.003499,999,999,0,0,0,0,0,0,0,0,0,0,0,0,0,0,0,0
20,2000,5.9085,6.7875,7.1064,-5.7528,0.6768,-36.0395,-0.59829,999,999,17.29358,18.12044,-0.1305,41.54845,42.02214,42.15666,41.94918,41.27831,40.42609,-0.001,-0.002,-0.001,-0.002,5.08,2.41758,999,-0.01998,0.144,-0.001,-0.001,0.003499,999,999,0,0,0,0,0,0,0,0,0,0,0,0,0,0,0,0
20.083,2005,5.9085,3.1675,7.7832,-5.7528,0.3384,-36.6279,-1.28205,999,999,17.2739,18.06092,-0.12062,41.52608,42.02214,42.13424,41.94918,41.27831,40.42609,-0.001,-0.001,-0.001,-0.002,4.98,2.5974,999,-0.01998,-0.144,-0.001,-0.001,0.003582,999,999,0,0,0,0,0,0,0,0,0,0,0,0,0,0,0,0
20.167,2010,4.545,4.0725,7.1064,-6.0912,-0.3384,-38.3931,-1.19658,999,999,17.23454,18.02124,-0.12062,41.50371,41.9773,42.13424,41.94918,41.27831,40.42609,-0.001,-0.001,-0.001,-0.001,5.02,2.5974,999,-0.01998,0,-0.001,-0.001,0.003499,999,999,0,0,0,0,0,0,0,0,0,0,0,0,0,0,0,0
20.25,2015,6.8175,5.43,6.768,-5.7528,-0.3384,-36.775,-1.96581,999,999,17.23454,18.03116,-0.1305,41.50371,41.9773,42.11182,41.94918,41.27831,40.42609,-0.001,-0.001,-0.001,-0.002,5.02,2.32767,999,-0.01998,0.144,-0.001,-0.001,0.003499,999,999,0,0,0,0,0,0,0,0,0,0,0,0,0,0,0,0
20.333,2020,2.727,2.715,5.076,-5.7528,0.6768,-35.7453,-1.28205,999,999,17.24438,18.03116,-0.12062,41.45897,41.95488,42.11182,41.94918,41.27831,40.44856,-0.001,-0.001,-0.001,-0.001,5.02,2.15784,999,-0.01998,-0.144,-0.001,-0.001,0.003499,999,999,0,0,0,0,0,0,0,0,0,0,0,0,0,0,0,0
20.417,2025,2.2725,1.81,4.7376,-6.0912,0.6768,-42.2177,-1.88034,999,999,17.16566,18.0014,-0.1305,41.4366,41.95488,42.11182,41.94918,41.27831,40.42609,-0.001,-0.002,-0.001,-0.002,5.08,2.61738,999,-0.01998,-0.144,-0.001,-0.001,0.003499,999,999,0,0,0,-0.001,0,0,0,0,0,0,0,0,0,0,0,0
20.5,2030,1.818,4.0725,4.3992,-6.0912,-0.3384,-43.8358,-1.88034,999,999,17.16566,17.96172,-0.12062,41.41423,41.93246,42.0894,41.94918,41.27831,40.44856,-0.002,-0.001,-0.001,-0.001,5.08,2.87712,999,-0.01998,-0.36,-0.001,-0.001,0.003499,999,999,0,0,0,0,0,0,0,0,0,0,0,0,0,0,0,0
20.583,2035,4.545,4.0725,5.4144,-6.0912,-1.3536,-44.8655,-2.39316,999,999,17.16566,17.96172,-0.1305,41.39186,41.93246,42.0894,41.94918,41.27831,40.44856,-0.001,-0.001,-0.001,-0.001,5.02,2.45754,999,-0.01998,0.144,-0.001,-0.001,0.003499,999,999,0.0003,0,0,0,0,0,0,0,0,0,0,0,0,0,0,0
20.667,2040,3.1815,3.62,4.3992,-6.4296,-2.0304,-48.2488,-1.62393,999,999,17.13614,17.92204,-0.12062,41.36949,41.91004,42.06698,41.94918,41.27831,40.44856,-0.001,0,-0.001,-0.001,5.08,2.21778,999,-0.01998,-0.144,-0.001,-0.001,0.003499,999,999,0.0007,0,0,0,0,0,0,0,0,0,0,0,0,0,0,0
20.75,2045,-1.3635,0.4525,1.3536,-6.0912,-1.3536,-39.1286,-1.88034,999,999,17.06726,17.8526,-0.1305,41.34712,41.88762,42.06698,41.92676,41.27831,40.42609,-0.001,-0.001,-0.001,-0.001,5.02,2.61738,999,-0.01998,-0.144,-0.001,-0.001,0.003499,999,999,0,0,0,0,0,0,0,0,0,0,0,0,0,0,0,0
20.833,2050,0,-0.4525,1.3536,-6.4296,-2.0304,-46.6307,-1.7094,999,999,17.05742,17.86252,-0.12062,41.30238,41.88762,42.06698,41.92676,41.27831,40.44856,-0.002,-0.001,-0.001,-0.002,5.08,2.81718,999,-0.01998,-0.144,-0.001,-0.001,0.003499,999,999,0,0,0,0,0,0,0,0,0,0,0,0,0,0,0,0
20.917,2055,-1.818,-1.81,0.3384,-6.768,-1.3536,-51.0437,-2.13675,999,999,17.0279,17.84268,-0.12062,41.28001,41.8652,42.04456,41.92676,41.27831,40.42609,-0.002,-0.001,-0.001,-0.002,5.02,2.78721,999,-0.01998,-0.144,-0.001,-0.001,0.003499,999,999,0,0,0,0,0,0,0,0,0,0,0,0,0,0,0,0
21,2100,-1.3635,-1.81,0,-6.768,-1.0152,-50.7495,-1.79487,999,999,16.96886,17.77324,-0.12062,41.25764,41.84278,42.04456,41.92676,41.27831,40.44856,-0.001,-0.001,-0.002,-0.001,5.02,2.64735,999,-0.01998,0,-0.001,-0.001,0.003582,999,999,0,0,0,0,0,0,0,0,0,0,0,0,0,0,0,0
21.083,2105,-0.909,-2.2625,-0.3384,-6.768,-4.0608,-55.3096,-2.22222,999,999,16.90982,17.6542,-0.1305,41.23527,41.84278,42.04456,41.92676,41.27831,40.42609,-0.001,-0.001,-0.001,-0.001,5.02,2.34765,999,-0.01998,0,-0.001,-0.001,0.003582,999,999,0,0,0,0,0,0,0,0,0,0,0,0,0,0,0,0
21.167,2110,-0.909,-0.905,0,-6.768,-3.384,-51.6321,-2.22222,999,999,16.85078,17.58476,-0.12062,41.2129,41.82036,42.02214,41.92676,41.27831,40.44856,-0.001,-0.002,-0.001,-0.001,5.02,2.88711,999,-0.01998,-0.144,-0.001,-0.001,0.003499,999,999,0.0007,0,0,0,0,0,0,0,0,0,0,0,0,0,0,0
21.25,2115,0,-2.715,-1.3536,-7.1064,-5.7528,-63.1059,-2.82051,999,999,16.76222,17.47564,-0.12062,41.16816,41.79794,42.02214,41.92676,41.27831,40.44856,-0.001,-0.001,-0.001,-0.001,5.08,2.00799,999,-0.01998,0.144,-0.001,-0.001,0.003499,999,999,0,0,0,0,0,0,0,0,0,0,0,0,0,0,0,0
21.333,2120,-0.4545,-1.81,-1.692,-6.768,-3.384,-47.072,-2.47863,999,999,16.7327,17.34668,-0.1305,41.12342,41.79794,41.99972,41.92676,41.25594,40.40362,-0.001,-0.001,-0.001,-0.001,5.12,1.37862,999,-0.01998,0,-0.001,-0.001,0.003499,999,999,0,0,0,0,0,0,0,0,0,0,0,0,0,0,0,0
21.417,2125,-2.2725,-4.525,-1.0152,-6.4296,-3.0456,-37.2163,-2.82051,999,999,16.79174,17.32684,-0.12062,41.07868,41.77552,41.99972,41.92676,41.25594,40.40362,0,-0.001,-0.001,-0.001,5.02,1.20879,999,-0.01998,0.144,-0.001,-0.001,0.003499,999,999,0,0,0,0,0,0,0,0,0,0,0,0,0,0,0,0
21.5,2130,-0.909,0.4525,-1.0152,-6.768,-4.7376,-46.9249,-3.50427,999,999,16.67366,17.26732,-0.12062,41.05631,41.7531,41.99972,41.90434,41.27831,40.42609,-0.001,-0.001,-0.001,-0.001,5.08,1.60839,999,-0.01998,-0.144,-0.001,-0.001,0.003499,999,999,0,0,0,0,0,0,0,0,0,0,0,0,0,0,0,0
21.583,2135,-0.909,-3.62,-0.6768,-6.768,-4.0608,-39.5699,-3.07692,999,999,16.61462,17.22764,-0.12062,41.01157,41.73068,41.99972,41.90434,41.27831,40.42609,-0.001,-0.001,-0.001,-0.001,5.02,1.77822,999,-0.01998,0.144,-0.001,-0.001,0.003499,999,999,0,0,0,0,0,0,0,0,0,0,0,0,0,0,0,0
21.667,2140,-1.818,-2.715,-0.3384,-6.768,-2.3688,-34.2743,-3.67521,999,999,16.64414,17.29708,-0.12062,40.96683,41.70826,41.9773,41.92676,41.25594,40.42609,-0.001,-0.001,-0.001,-0.001,5.12,1.6983,999,-0.01998,-0.144,-0.001,-0.002,0.003499,999,999,0,0,0,0,0,0,0,0,0,0,0,0,0,0,0,0
21.75,2145,-1.3635,-2.2625,-0.3384,-6.768,-4.0608,-38.8344,-4.01709,999,999,16.66382,17.33676,-0.12062,40.94446,41.70826,41.95488,41.90434,41.25594,40.42609,-0.001,-0.001,-0.001,-0.001,5.02,1.75824,999,-0.01998,0.144,-0.001,-0.001,0.003499,999,999,0,0,0,0,0,0,0,0,0,0,0,0,0,0,0,0
21.833,2150,-2.2725,-1.81,-1.0152,-7.1064,-4.0608,-47.6604,-3.76068,999,999,16.5851,17.26732,-0.12062,40.89972,41.66342,41.95488,41.90434,41.25594,40.44856,-0.001,-0.001,-0.001,-0.002,5.08,1.7982,999,-0.01998,0.504,-0.001,-0.001,0.003582,999,999,0,0,0,0,0,0,0,0,0,0,0,0,0,0,0,0
21.917,2155,-4.0905,-2.2625,-1.3536,-7.1064,-3.7224,-47.9546,-3.84615,999,999,16.51622,17.14828,-0.12062,40.87735,41.641,41.95488,41.88192,41.27831,40.42609,-0.001,-0.001,-0.001,-0.001,5.08,1.83816,999,-0.01998,-0.144,-0.001,-0.001,0.003499,999,999,0,0,0,0,0,0,0,0,0,0,0,0,0,0,0,0
22,2200,-3.636,-5.43,-1.692,-7.4448,-6.768,-62.0762,-4.10256,999,999,16.39814,17.01932,-0.1305,40.85498,41.61858,41.93246,41.90434,41.25594,40.40362,-0.001,-0.001,-0.001,-0.002,5.08,1.48851,999,-0.01998,0.72,-0.001,-0.001,0.003582,999,999,0,0,0,0,0,0,0,0,0,0,0,0,0,0,0,0
22.083,2205,-1.818,-2.715,-2.0304,-7.7832,-6.768,-61.0465,-4.01709,999,999,16.25054,16.79116,-0.12062,40.81024,41.59616,41.93246,41.90434,41.25594,40.42609,-0.001,-0.001,-0.001,-0.001,4.98,1.92807,999,-0.01998,0.144,-0.001,-0.001,0.003499,999,999,0,0,0,0,0,0,0,0,0,0,0,0,0,0,0,0
22.167,2210,-3.1815,-4.525,-1.3536,-7.4448,-6.768,-55.4567,-4.18803,999,999,16.1915,16.7118,-0.12062,40.7655,41.61858,41.91004,41.90434,41.25594,40.42609,0,-0.001,-0.001,-0.001,5.02,2.66733,999,-0.01998,-0.36,-0.002,-0.001,0.003499,999,999,0,0,0,0,0,0,0,0,0,0,0,0,0,0,0,0
22.25,2215,-3.1815,-0.905,-1.0152,-7.1064,-4.7376,-44.5713,-4.70085,999,999,16.21118,16.75148,-0.12062,40.69839,41.57374,41.91004,41.90434,41.25594,40.42609,-0.002,-0.001,-0.001,-0.002,5.08,1.80819,999,-0.01998,-0.144,-0.001,-0.001,0.003499,999,999,0,0,0,0,0,0,0,0,0,0,0,0,0,0,0,0
22.333,2220,-0.4545,-2.715,-0.3384,-6.4296,-3.7224,-28.9787,-4.44444,999,999,16.2899,16.89036,-0.12062,40.67602,41.5289,41.91004,41.88192,41.27831,40.44856,-0.001,-0.001,-0.001,-0.001,5.12,1.56843,999,-0.01998,-0.36,-0.001,-0.001,0.003499,999,999,0,0,0,0,0,0,0,0,0,0,0,0,0,0,0,0
22.417,2225,0.4545,-2.2625,0,-6.4296,-3.0456,-35.0098,-5.1282,999,999,16.32926,17.03916,-0.12062,40.63128,41.5289,41.88762,41.88192,41.25594,40.42609,-0.001,-0.001,-0.001,-0.001,5.08,2.3976,999,-0.01998,0,-0.001,-0.001,0.003499,999,999,0,0,0,0,0,0,0,0,0,0,0,0,0,0,0,0
22.5,2230,-1.818,-2.2625,-0.6768,-6.768,-4.0608,-40.7467,-4.44444,999,999,16.31942,17.06892,-0.12062,40.58654,41.50648,41.88762,41.88192,41.25594,40.40362,-0.001,-0.001,-0.001,-0.001,5.02,1.68831,999,-0.01998,-1.944,-0.001,-0.001,0.003499,999,999,0,0,0,0,0,0,0,0,0,0,0,0,0,0,0,0
22.583,2235,-2.727,-2.715,-0.3384,-6.768,-1.692,-40.0112,-4.52991,999,999,16.28006,17.03916,-0.1305,40.58654,41.48406,41.8652,41.8595,41.25594,40.42609,0,-0.001,-0.001,-0.001,5.08,2.10789,999,-0.01998,-0.144,-0.001,-0.001,0.003499,999,999,0.0003,0,0,0,0,0,0,0,0,0,0,0,0,0,0,0
22.667,2240,-0.909,-0.905,-0.3384,-6.768,-4.0608,-36.6279,-4.35897,999,999,16.26038,17.04908,-0.12062,40.56417,41.43922,41.8652,41.8595,41.25594,40.42609,-0.002,-0.001,-0.001,-0.001,5.08,2.07792,999,-0.01998,-0.504,-0.001,-0.001,0.003499,999,999,0,0,0,0,0,0,0,0,0,0,0,0,0,0,0,0
22.75,2245,-0.4545,-2.715,0,-6.4296,-3.7224,-32.9504,-4.35897,999,999,16.29974,17.1086,-0.12062,40.5418,41.4168,41.84278,41.8595,41.25594,40.40362,0,-0.001,-0.001,-0.001,5.08,2.11788,999,-0.01998,0,-0.001,-0.001,0.003499,999,999,0,0,0,0,0,0,0,0,0,0,0,0,0,0,0,0
22.833,2250,-0.909,-1.3575,0.3384,-6.768,-2.3688,-40.5996,-4.2735,999,999,16.27022,17.12844,-0.12062,40.51943,41.4168,41.84278,41.88192,41.25594,40.40362,-0.001,-0.001,-0.001,-0.001,5.08,2.75724,999,-0.01998,0,-0.001,-0.001,0.003499,999,999,0,0,0,0,0,0,0,0,0,0,0,0,0,0,0,0
22.917,2255,-2.2725,1.3575,0,-6.768,-2.0304,-39.2757,-4.52991,999,999,16.28006,17.13836,-0.12062,40.49706,41.39438,41.82036,41.8595,41.25594,40.42609,-0.001,-0.001,-0.001,-0.002,5.08,2.05794,999,-0.01998,0,-0.001,-0.001,0.003499,999,999,0,0,0,0,0,0,0,0,0,0,0,0,0,0,0,0
23,2300,-1.818,-2.2625,0,-6.4296,-1.692,-34.8627,-3.76068,999,999,16.29974,17.16812,-0.12062,40.49706,41.37196,41.79794,41.8595,41.25594,40.40362,-0.001,-0.001,-0.002,-0.001,5.08,1.96803,999,-0.01998,0,-0.001,-0.001,0.003499,999,999,0,0,0,0,0,0,0,0,0,0,0,0,0,0,0,0
23.083,2305,-0.909,-0.905,0.3384,-6.4296,-3.7224,-38.3931,-4.18803,999,999,16.2899,17.16812,-0.12062,40.47469,41.32712,41.79794,41.8595,41.25594,40.40362,-0.001,-0.001,-0.001,-0.002,4.84,2.47752,999,-0.01998,-0.36,-0.001,-0.001,0.003499,999,999,0,0,0,0,0,0,0,0,0,0,0,0,0,0,0,0
23.167,2310,-0.909,-0.905,0.3384,-6.4296,-0.6768,-39.2757,-3.58974,999,999,16.28006,17.14828,-0.11074,40.45232,41.3047,41.77552,41.8595,41.25594,40.44856,-0.001,-0.001,-0.001,-0.001,5.02,2.78721,999,-0.01998,-0.36,-0.001,-0.001,0.003582,999,999,0,0,0,0,0,0,0,0,0,0,0,0,0,0,0,0
23.25,2315,-1.3635,-2.2625,0,-5.7528,-1.692,-36.0395,-3.93162,999,999,16.29974,17.23756,-0.14038,40.45232,41.3047,41.77552,41.83708,41.25594,40.42609,-0.001,-0.001,-0.001,-0.002,5.62,2.54745,999,-0.01998,0,-0.001,-0.001,0.003499,999,999,0,0,0,0,0,0,0,0,0,0,0,0,0,0,0,0
23.333,2320,-0.909,-1.81,-1.0152,-5.4144,-0.6768,-46.3365,-3.50427,999,999,16.15214,16.96972,-0.12062,40.45232,41.3047,41.7531,41.83708,41.25594,40.42609,-0.001,-0.002,-0.001,-0.001,6.26,3.18681,999,-0.01998,0.144,-0.001,-0.001,0.003499,999,999,0,0,0,0,0,0,0,0,0,0,0,0,0,0,0,0
23.417,2325,-0.4545,-0.905,-1.692,-5.7528,1.0152,-47.2191,-3.4188,999,999,15.6995,16.45388,-0.12062,40.42995,41.25986,41.7531,41.8595,41.25594,40.42609,-0.002,-0.001,-0.001,-0.002,6.44,2.73726,999,-0.01998,-0.72,-0.001,-0.001,0.003499,999,999,0,0,0,0,0,0,0,0,0,0,0,0,0,0,0,0
23.5,2330,-1.818,-0.4525,-1.3536,-5.7528,1.692,-36.0395,-3.93162,999,999,15.5519,16.25548,-0.1305,40.40758,41.23744,41.73068,41.81466,41.25594,40.44856,-0.001,-0.001,-0.001,-0.001,6.34,1.85814,999,-0.01998,0.144,-0.001,-0.001,0.003582,999,999,0,0,0,0,0,0,0,0,0,0,0,0,0,0,0,0
23.583,2335,-1.3635,0,-1.3536,-5.7528,2.7072,-36.775,-4.01709,999,999,15.4535,16.17612,-0.12062,40.38521,41.23744,41.73068,41.8595,41.25594,40.42609,-0.001,-0.001,-0.001,0,6.4,1.73826,999,-0.01998,0,-0.001,-0.001,0.003499,999,999,0,0,0,0,0,0,0,0,0,0,0,0,0,0,0,0
23.667,2340,-1.3635,0,-1.3536,-5.7528,2.0304,-32.6562,-4.2735,999,999,15.53222,16.17612,-0.12062,40.34047,41.21502,41.70826,41.83708,41.25594,40.42609,-0.001,-0.001,-0.001,-0.001,6.44,1.16883,999,-0.01998,0.504,-0.001,-0.001,0.003499,999,999,0,0,0,0,0,0,0,0,0,0,0,0,0,0,0,0
23.75,2345,-1.818,-2.715,-1.3536,-6.4296,0.3384,-44.8655,-4.35897,999,999,15.3551,16.03724,-0.1305,40.3181,41.1926,41.70826,41.81466,41.25594,40.42609,-0.001,-0.001,-0.001,-0.002,6.4,1.47852,999,-0.01998,-0.36,-0.001,-0.001,0.003582,999,999,0,0,0,0,0,0,0,0,0,0,0,0,0,0,0,0
23.833,2350,-1.3635,0.4525,-2.0304,-6.0912,-1.0152,-48.6901,-4.78632,999,999,15.24686,15.84876,-0.12062,40.27336,41.1926,41.68584,41.81466,41.25594,40.42609,-0.002,-0.001,-0.001,-0.001,6.5,1.27872,999,-0.01998,-0.36,-0.001,-0.001,0.003582,999,999,0,0,0,0,0,0,0,0,0,0,0,0,0,0,0,0
23.917,2355,-1.818,-1.81,-1.3536,-5.7528,1.692,-28.9787,-4.70085,999,999,15.29606,15.82892,-0.12062,40.22862,41.17018,41.68584,41.81466,41.25594,40.42609,-0.001,-0.001,-0.001,-0.001,6.5,1.15884,999,-0.01998,0,-0.001,-0.001,0.003499,999,999,0,0,0,0,0,0,0,0,0,0,0,0,0,0,0,0
24,0,-0.4545,-3.1675,-0.6768,-5.7528,0,-26.9193,-5.21367,999,999,15.33542,15.92812,-0.12062,40.18388,41.14776,41.66342,41.81466,41.25594,40.42609,-0.001,-0.001,-0.001,-0.001,0,1.06893,999,-0.01998,0,-0.001,-0.001,0.003499,999,999,0,0,0,0,0,0,0,0,0,0,0,0,0,0,0,0
